split,group_id,new_filename,source_split,original_filename,source_path,Burn Mark,Flash,Short Shot,Sink Mark
valid,0,fp_valid_0001.jpg,train,samsung_50_jpg.rf.59b262a3e3ad01646ca23878100964a5.jpg,new_dataset\Final Project.v1i.coco\train\samsung_50_jpg.rf.59b262a3e3ad01646ca23878100964a5.jpg,1,1,0,1
train,1,fp_train_0001.jpg,train,2_37_jpg.rf.a21f0d5ce706eae68e0b78e034b8f7d8.jpg,new_dataset\Final Project.v1i.coco\train\2_37_jpg.rf.a21f0d5ce706eae68e0b78e034b8f7d8.jpg,0,0,0,0
train,1,fp_train_0002.jpg,train,2_54_jpg.rf.67c9ef8ae081c879f08fe159a0e18505.jpg,new_dataset\Final Project.v1i.coco\train\2_54_jpg.rf.67c9ef8ae081c879f08fe159a0e18505.jpg,0,1,0,0
train,1,fp_train_0003.jpg,train,2_38_jpg.rf.ff12c691bdea4e3434bc2c48a09d9ff6.jpg,new_dataset\Final Project.v1i.coco\train\2_38_jpg.rf.ff12c691bdea4e3434bc2c48a09d9ff6.jpg,0,1,0,0
train,1,fp_train_0004.jpg,train,2_52_jpg.rf.0404e62642591a20e5b2ef75df56a924.jpg,new_dataset\Final Project.v1i.coco\train\2_52_jpg.rf.0404e62642591a20e5b2ef75df56a924.jpg,0,0,0,0
train,1,fp_train_0005.jpg,train,2_40_jpg.rf.62b2114c1c2ac3d936388ab913bdc3ed.jpg,new_dataset\Final Project.v1i.coco\train\2_40_jpg.rf.62b2114c1c2ac3d936388ab913bdc3ed.jpg,0,1,0,0
train,1,fp_train_0006.jpg,train,2_42_jpg.rf.e211f827b6c6490942167431dab7743f.jpg,new_dataset\Final Project.v1i.coco\train\2_42_jpg.rf.e211f827b6c6490942167431dab7743f.jpg,0,0,0,0
train,1,fp_train_0007.jpg,train,2_53_jpg.rf.d4afe2693c60d3f7da88b5932b5204e7.jpg,new_dataset\Final Project.v1i.coco\train\2_53_jpg.rf.d4afe2693c60d3f7da88b5932b5204e7.jpg,0,1,1,0
train,1,fp_train_0008.jpg,valid,2_41_jpg.rf.557fde594a4478bb8f13c2d8a1e1b356.jpg,new_dataset\Final Project.v1i.coco\valid\2_41_jpg.rf.557fde594a4478bb8f13c2d8a1e1b356.jpg,0,1,0,0
train,1,fp_train_0009.jpg,valid,2_39_jpg.rf.dfca690c30390d59e45e6966c3938e94.jpg,new_dataset\Final Project.v1i.coco\valid\2_39_jpg.rf.dfca690c30390d59e45e6966c3938e94.jpg,0,0,0,0
train,2,fp_train_0010.jpg,train,N_1025_JPG_JPG.rf.455e2621b65835297ddc4175210c612a.jpg,new_dataset\Final Project.v1i.coco\train\N_1025_JPG_JPG.rf.455e2621b65835297ddc4175210c612a.jpg,1,0,0,1
train,3,fp_train_0011.jpg,train,N_1018_JPG_JPG.rf.f3e69195fe20812d09ea2575aaa46ded.jpg,new_dataset\Final Project.v1i.coco\train\N_1018_JPG_JPG.rf.f3e69195fe20812d09ea2575aaa46ded.jpg,1,0,0,1
train,4,fp_train_0012.jpg,train,N_1072_JPG_JPG.rf.be52ac578cd25d7d911df544779b87db.jpg,new_dataset\Final Project.v1i.coco\train\N_1072_JPG_JPG.rf.be52ac578cd25d7d911df544779b87db.jpg,0,0,0,0
train,5,fp_train_0013.jpg,train,P_2015_jpg.rf.c4e878080f56e5987d8880053c6b1294.jpg,new_dataset\Final Project.v1i.coco\train\P_2015_jpg.rf.c4e878080f56e5987d8880053c6b1294.jpg,1,0,0,0
train,6,fp_train_0014.jpg,train,2_124_jpg.rf.2833109df07e45fdbd69a4e8d8367253.jpg,new_dataset\Final Project.v1i.coco\train\2_124_jpg.rf.2833109df07e45fdbd69a4e8d8367253.jpg,0,1,0,0
train,7,fp_train_0015.jpg,train,samsung_38_jpg.rf.7a1f790127a2c4ad66e7496269680075.jpg,new_dataset\Final Project.v1i.coco\train\samsung_38_jpg.rf.7a1f790127a2c4ad66e7496269680075.jpg,1,0,0,0
valid,8,fp_valid_0002.jpg,train,P_2076_jpg.rf.d24040b3998602e1a9d76df422d95e08.jpg,new_dataset\Final Project.v1i.coco\train\P_2076_jpg.rf.d24040b3998602e1a9d76df422d95e08.jpg,1,0,0,1
test,9,fp_test_0001.jpg,train,samsung_44_jpg.rf.ed57cc1707255c9d8c06c6d36004631f.jpg,new_dataset\Final Project.v1i.coco\train\samsung_44_jpg.rf.ed57cc1707255c9d8c06c6d36004631f.jpg,0,1,0,1
valid,10,fp_valid_0003.jpg,train,samsung_77_jpg.rf.8ba9f34d1fcf7d9d9d136e545ee2eea3.jpg,new_dataset\Final Project.v1i.coco\train\samsung_77_jpg.rf.8ba9f34d1fcf7d9d9d136e545ee2eea3.jpg,0,0,0,1
train,11,fp_train_0016.jpg,train,42_jpg.rf.f092090bdee6a796a9c590c8500a7e28.jpg,new_dataset\Final Project.v1i.coco\train\42_jpg.rf.f092090bdee6a796a9c590c8500a7e28.jpg,0,0,1,0
train,11,fp_train_0017.jpg,train,39_jpg.rf.3dfb2f96cc10a653ee45364aa0b6f138.jpg,new_dataset\Final Project.v1i.coco\train\39_jpg.rf.3dfb2f96cc10a653ee45364aa0b6f138.jpg,0,1,0,0
train,12,fp_train_0018.jpg,train,2_26_jpg.rf.a66d20c60f35cc7e3ea966089c472705.jpg,new_dataset\Final Project.v1i.coco\train\2_26_jpg.rf.a66d20c60f35cc7e3ea966089c472705.jpg,1,1,1,0
test,13,fp_test_0002.jpg,train,155_jpg.rf.b2299b071e226231d435db48ac8bbea0.jpg,new_dataset\Final Project.v1i.coco\train\155_jpg.rf.b2299b071e226231d435db48ac8bbea0.jpg,0,0,1,0
test,13,fp_test_0003.jpg,train,142_jpg.rf.d0392548bb1be0395db7e77c295c1442.jpg,new_dataset\Final Project.v1i.coco\train\142_jpg.rf.d0392548bb1be0395db7e77c295c1442.jpg,0,1,0,0
test,13,fp_test_0004.jpg,train,175_jpg.rf.eefa2865b7623dfe965c771d4f3bac2c.jpg,new_dataset\Final Project.v1i.coco\train\175_jpg.rf.eefa2865b7623dfe965c771d4f3bac2c.jpg,0,0,0,0
test,13,fp_test_0005.jpg,train,145_jpg.rf.d29516f996815941e1483eec254a2ee8.jpg,new_dataset\Final Project.v1i.coco\train\145_jpg.rf.d29516f996815941e1483eec254a2ee8.jpg,0,0,0,0
valid,14,fp_valid_0004.jpg,train,2_175_jpg.rf.1dca50964ea9bc238b62dfbb7c226b88.jpg,new_dataset\Final Project.v1i.coco\train\2_175_jpg.rf.1dca50964ea9bc238b62dfbb7c226b88.jpg,0,0,0,0
train,15,fp_train_0019.jpg,train,P_2159_jpg.rf.ad283aab34b2af5d27e3a4337d6583bc.jpg,new_dataset\Final Project.v1i.coco\train\P_2159_jpg.rf.ad283aab34b2af5d27e3a4337d6583bc.jpg,0,0,0,1
train,16,fp_train_0020.jpg,train,2_99_jpg.rf.58c2bdfe3aeb5f2411ff87813d62a882.jpg,new_dataset\Final Project.v1i.coco\train\2_99_jpg.rf.58c2bdfe3aeb5f2411ff87813d62a882.jpg,0,1,0,0
train,16,fp_train_0021.jpg,train,2_100_jpg.rf.1753769a59715acdfc394f2c2b6b151f.jpg,new_dataset\Final Project.v1i.coco\train\2_100_jpg.rf.1753769a59715acdfc394f2c2b6b151f.jpg,0,1,0,0
train,16,fp_train_0022.jpg,train,2_97_jpg.rf.9195adcd2354ddc5b410939bdf103bfa.jpg,new_dataset\Final Project.v1i.coco\train\2_97_jpg.rf.9195adcd2354ddc5b410939bdf103bfa.jpg,0,1,0,0
train,17,fp_train_0023.jpg,train,97_jpg.rf.e5f7d3a6b4143e6992c3eadc6e0ea0b1.jpg,new_dataset\Final Project.v1i.coco\train\97_jpg.rf.e5f7d3a6b4143e6992c3eadc6e0ea0b1.jpg,0,0,1,0
train,17,fp_train_0024.jpg,train,112_jpg.rf.98db77ce8c42a626511cb32d57d4262f.jpg,new_dataset\Final Project.v1i.coco\train\112_jpg.rf.98db77ce8c42a626511cb32d57d4262f.jpg,0,0,0,0
train,17,fp_train_0025.jpg,train,100_jpg.rf.f85ba611e035a1511685cad61a676582.jpg,new_dataset\Final Project.v1i.coco\train\100_jpg.rf.f85ba611e035a1511685cad61a676582.jpg,0,0,0,0
train,17,fp_train_0026.jpg,train,118_jpg.rf.2732dab9332a7ccc7fbd3fa3e02343ae.jpg,new_dataset\Final Project.v1i.coco\train\118_jpg.rf.2732dab9332a7ccc7fbd3fa3e02343ae.jpg,0,1,0,0
train,17,fp_train_0027.jpg,train,98_jpg.rf.eb3e1d3ef0c7a4d0d7527fbc9f838277.jpg,new_dataset\Final Project.v1i.coco\train\98_jpg.rf.eb3e1d3ef0c7a4d0d7527fbc9f838277.jpg,0,0,0,0
train,17,fp_train_0028.jpg,train,111_jpg.rf.5638e40a8a8b9443d3e8efce260cffd4.jpg,new_dataset\Final Project.v1i.coco\train\111_jpg.rf.5638e40a8a8b9443d3e8efce260cffd4.jpg,0,0,0,0
train,17,fp_train_0029.jpg,train,103_jpg.rf.166c9a93d9f44880a43c6384b27c7359.jpg,new_dataset\Final Project.v1i.coco\train\103_jpg.rf.166c9a93d9f44880a43c6384b27c7359.jpg,0,0,0,0
train,17,fp_train_0030.jpg,train,96_jpg.rf.80f1a4cde6f8b75edc2f63386641b760.jpg,new_dataset\Final Project.v1i.coco\train\96_jpg.rf.80f1a4cde6f8b75edc2f63386641b760.jpg,0,0,1,0
train,18,fp_train_0031.jpg,train,87_jpg.rf.e4ee99c1ab8dfe1d07a486e4136eb2a7.jpg,new_dataset\Final Project.v1i.coco\train\87_jpg.rf.e4ee99c1ab8dfe1d07a486e4136eb2a7.jpg,0,0,0,0
valid,19,fp_valid_0005.jpg,train,2_88_jpg.rf.bcbe506e38eaecac0fb909e959479d4a.jpg,new_dataset\Final Project.v1i.coco\train\2_88_jpg.rf.bcbe506e38eaecac0fb909e959479d4a.jpg,0,1,0,0
valid,19,fp_valid_0006.jpg,train,2_93_jpg.rf.1d4fc28c82e4f69ab8be4e5c7bdcc997.jpg,new_dataset\Final Project.v1i.coco\train\2_93_jpg.rf.1d4fc28c82e4f69ab8be4e5c7bdcc997.jpg,0,0,0,0
valid,19,fp_valid_0007.jpg,train,2_60_jpg.rf.f161256e95696bcea6525028acc4ab2e.jpg,new_dataset\Final Project.v1i.coco\train\2_60_jpg.rf.f161256e95696bcea6525028acc4ab2e.jpg,0,1,0,0
valid,19,fp_valid_0008.jpg,train,2_58_jpg.rf.18c28dcd880ec344ab6ca6feae145a91.jpg,new_dataset\Final Project.v1i.coco\train\2_58_jpg.rf.18c28dcd880ec344ab6ca6feae145a91.jpg,0,1,0,0
valid,19,fp_valid_0009.jpg,train,2_86_jpg.rf.e63398553362a5a0c905aef0e70d3819.jpg,new_dataset\Final Project.v1i.coco\train\2_86_jpg.rf.e63398553362a5a0c905aef0e70d3819.jpg,0,1,0,0
valid,19,fp_valid_0010.jpg,train,2_85_jpg.rf.17409a485c7d66f6a3e78ec835e6b1fb.jpg,new_dataset\Final Project.v1i.coco\train\2_85_jpg.rf.17409a485c7d66f6a3e78ec835e6b1fb.jpg,0,0,0,0
valid,19,fp_valid_0011.jpg,train,2_61_jpg.rf.44a309b95992f4b58f6f0be4197a3582.jpg,new_dataset\Final Project.v1i.coco\train\2_61_jpg.rf.44a309b95992f4b58f6f0be4197a3582.jpg,0,1,1,0
valid,19,fp_valid_0012.jpg,train,2_90_jpg.rf.b5975351413812bae3892901ed52dff4.jpg,new_dataset\Final Project.v1i.coco\train\2_90_jpg.rf.b5975351413812bae3892901ed52dff4.jpg,0,1,0,0
valid,19,fp_valid_0013.jpg,train,2_67_jpg.rf.de7623c52abe5745dcaf58fce79594e8.jpg,new_dataset\Final Project.v1i.coco\train\2_67_jpg.rf.de7623c52abe5745dcaf58fce79594e8.jpg,0,1,0,0
valid,19,fp_valid_0014.jpg,train,2_65_jpg.rf.ae337de57cea406307bb543b2263a64b.jpg,new_dataset\Final Project.v1i.coco\train\2_65_jpg.rf.ae337de57cea406307bb543b2263a64b.jpg,0,1,0,0
valid,19,fp_valid_0015.jpg,train,2_64_jpg.rf.463d130be68c8918decdade25c61e801.jpg,new_dataset\Final Project.v1i.coco\train\2_64_jpg.rf.463d130be68c8918decdade25c61e801.jpg,0,1,0,0
valid,19,fp_valid_0016.jpg,train,2_84_jpg.rf.ef625eb8896ca02f89fd7ab3f3918863.jpg,new_dataset\Final Project.v1i.coco\train\2_84_jpg.rf.ef625eb8896ca02f89fd7ab3f3918863.jpg,0,1,1,0
valid,19,fp_valid_0017.jpg,train,2_66_jpg.rf.5e958ff80810e74394750e8800b3fdfb.jpg,new_dataset\Final Project.v1i.coco\train\2_66_jpg.rf.5e958ff80810e74394750e8800b3fdfb.jpg,0,0,0,0
valid,19,fp_valid_0018.jpg,valid,2_82_jpg.rf.fd2eb9ebe0b8aa48059e39f181fdc4b9.jpg,new_dataset\Final Project.v1i.coco\valid\2_82_jpg.rf.fd2eb9ebe0b8aa48059e39f181fdc4b9.jpg,0,1,1,0
valid,19,fp_valid_0019.jpg,valid,2_72_jpg.rf.9c39eb7b207bf2605f909a926715c227.jpg,new_dataset\Final Project.v1i.coco\valid\2_72_jpg.rf.9c39eb7b207bf2605f909a926715c227.jpg,0,1,0,0
valid,19,fp_valid_0020.jpg,valid,2_59_jpg.rf.80c92873a9c349b8439ddfc971de139c.jpg,new_dataset\Final Project.v1i.coco\valid\2_59_jpg.rf.80c92873a9c349b8439ddfc971de139c.jpg,0,1,0,0
valid,19,fp_valid_0021.jpg,valid,2_68_jpg.rf.0ec90b81173982eb79365463b8690417.jpg,new_dataset\Final Project.v1i.coco\valid\2_68_jpg.rf.0ec90b81173982eb79365463b8690417.jpg,0,1,1,0
valid,19,fp_valid_0022.jpg,valid,2_81_jpg.rf.c3825c1e996beaeeb339169048263557.jpg,new_dataset\Final Project.v1i.coco\valid\2_81_jpg.rf.c3825c1e996beaeeb339169048263557.jpg,0,0,0,0
valid,19,fp_valid_0023.jpg,valid,2_89_jpg.rf.c7db56f5ca9f62388eb2262c250cefea.jpg,new_dataset\Final Project.v1i.coco\valid\2_89_jpg.rf.c7db56f5ca9f62388eb2262c250cefea.jpg,0,0,0,0
valid,19,fp_valid_0024.jpg,test,2_69_jpg.rf.9bc752ba807d02a89c65b77e2396be2a.jpg,new_dataset\Final Project.v1i.coco\test\2_69_jpg.rf.9bc752ba807d02a89c65b77e2396be2a.jpg,0,1,1,0
train,20,fp_train_0032.jpg,train,2_214_jpg.rf.e4ad685010899fd0cf9d958560a7effe.jpg,new_dataset\Final Project.v1i.coco\train\2_214_jpg.rf.e4ad685010899fd0cf9d958560a7effe.jpg,0,1,1,0
train,20,fp_train_0033.jpg,train,2_169_jpg.rf.952908a81ea7cd4cded6593c4fe6918d.jpg,new_dataset\Final Project.v1i.coco\train\2_169_jpg.rf.952908a81ea7cd4cded6593c4fe6918d.jpg,0,1,1,0
train,20,fp_train_0034.jpg,train,2_186_jpg.rf.69eb3f266e4722811871723a0578faa5.jpg,new_dataset\Final Project.v1i.coco\train\2_186_jpg.rf.69eb3f266e4722811871723a0578faa5.jpg,0,1,0,0
train,20,fp_train_0035.jpg,train,2_221_jpg.rf.cc28ada0a4b1b444d747e6455c5ce548.jpg,new_dataset\Final Project.v1i.coco\train\2_221_jpg.rf.cc28ada0a4b1b444d747e6455c5ce548.jpg,1,1,0,0
train,20,fp_train_0036.jpg,train,2_167_jpg.rf.49ff72a9e1d671ff85f21a8958fd6fc9.jpg,new_dataset\Final Project.v1i.coco\train\2_167_jpg.rf.49ff72a9e1d671ff85f21a8958fd6fc9.jpg,0,1,1,0
train,20,fp_train_0037.jpg,train,2_162_jpg.rf.b81a5dc0c807deb3aa0fec896d7e1340.jpg,new_dataset\Final Project.v1i.coco\train\2_162_jpg.rf.b81a5dc0c807deb3aa0fec896d7e1340.jpg,0,0,0,0
train,20,fp_train_0038.jpg,train,2_156_jpg.rf.e25982e6c38071c026ef4e00344cf0e6.jpg,new_dataset\Final Project.v1i.coco\train\2_156_jpg.rf.e25982e6c38071c026ef4e00344cf0e6.jpg,1,1,0,0
train,20,fp_train_0039.jpg,train,2_203_jpg.rf.ff93a942d90e243017f29530e8ee335a.jpg,new_dataset\Final Project.v1i.coco\train\2_203_jpg.rf.ff93a942d90e243017f29530e8ee335a.jpg,0,1,0,0
train,20,fp_train_0040.jpg,train,2_123_jpg.rf.fa578c1b75543038a6344ca4340fd210.jpg,new_dataset\Final Project.v1i.coco\train\2_123_jpg.rf.fa578c1b75543038a6344ca4340fd210.jpg,0,1,0,0
train,20,fp_train_0041.jpg,train,2_229_jpg.rf.1eccca355820c1fe2d098660cd5dedb6.jpg,new_dataset\Final Project.v1i.coco\train\2_229_jpg.rf.1eccca355820c1fe2d098660cd5dedb6.jpg,0,1,1,0
train,20,fp_train_0042.jpg,train,2_147_jpg.rf.62774d0f38a5c8cff885bf9bc1556921.jpg,new_dataset\Final Project.v1i.coco\train\2_147_jpg.rf.62774d0f38a5c8cff885bf9bc1556921.jpg,0,1,1,0
train,20,fp_train_0043.jpg,train,2_202_jpg.rf.3458a576fe74c837bf6950631532ee11.jpg,new_dataset\Final Project.v1i.coco\train\2_202_jpg.rf.3458a576fe74c837bf6950631532ee11.jpg,0,1,0,0
train,20,fp_train_0044.jpg,train,2_133_jpg.rf.dd7eae972b825ed5993c662cc532a325.jpg,new_dataset\Final Project.v1i.coco\train\2_133_jpg.rf.dd7eae972b825ed5993c662cc532a325.jpg,1,0,0,0
train,20,fp_train_0045.jpg,train,2_144_jpg.rf.3b13d4bca3bdb55ef103ea8be827f9f0.jpg,new_dataset\Final Project.v1i.coco\train\2_144_jpg.rf.3b13d4bca3bdb55ef103ea8be827f9f0.jpg,0,0,0,0
train,20,fp_train_0046.jpg,train,2_116_jpg.rf.df31172614fc8f6dc8dde21c6a9d00dc.jpg,new_dataset\Final Project.v1i.coco\train\2_116_jpg.rf.df31172614fc8f6dc8dde21c6a9d00dc.jpg,0,1,1,0
train,20,fp_train_0047.jpg,train,2_192_jpg.rf.a9b95a15716bda27e2693a90940f48c4.jpg,new_dataset\Final Project.v1i.coco\train\2_192_jpg.rf.a9b95a15716bda27e2693a90940f48c4.jpg,0,1,1,0
train,20,fp_train_0048.jpg,train,2_225_jpg.rf.c10856ca4e0ef9aa0397550f3c91d49d.jpg,new_dataset\Final Project.v1i.coco\train\2_225_jpg.rf.c10856ca4e0ef9aa0397550f3c91d49d.jpg,1,1,0,0
train,20,fp_train_0049.jpg,train,2_224_jpg.rf.d66e06cbc738c59ac7cc5c16703bef50.jpg,new_dataset\Final Project.v1i.coco\train\2_224_jpg.rf.d66e06cbc738c59ac7cc5c16703bef50.jpg,1,0,0,0
train,20,fp_train_0050.jpg,train,2_184_jpg.rf.18fc2a5003b0134da1a89def4f4e8290.jpg,new_dataset\Final Project.v1i.coco\train\2_184_jpg.rf.18fc2a5003b0134da1a89def4f4e8290.jpg,0,1,0,0
train,20,fp_train_0051.jpg,train,2_196_jpg.rf.813d50e258a0df45c3035f1554b1cc11.jpg,new_dataset\Final Project.v1i.coco\train\2_196_jpg.rf.813d50e258a0df45c3035f1554b1cc11.jpg,0,1,1,0
train,20,fp_train_0052.jpg,train,2_191_jpg.rf.a13f8e3cb560362aebcb7f2c870eeca0.jpg,new_dataset\Final Project.v1i.coco\train\2_191_jpg.rf.a13f8e3cb560362aebcb7f2c870eeca0.jpg,0,1,0,0
train,20,fp_train_0053.jpg,train,2_113_jpg.rf.6e4398523ca67a06b6b405aab0db5998.jpg,new_dataset\Final Project.v1i.coco\train\2_113_jpg.rf.6e4398523ca67a06b6b405aab0db5998.jpg,0,1,0,0
train,20,fp_train_0054.jpg,train,2_218_jpg.rf.c9db6fc8b48afe0d5a5a481465fa41bb.jpg,new_dataset\Final Project.v1i.coco\train\2_218_jpg.rf.c9db6fc8b48afe0d5a5a481465fa41bb.jpg,1,0,0,0
train,20,fp_train_0055.jpg,train,2_204_jpg.rf.621cba3efa8d664834a3e4b5f01078fe.jpg,new_dataset\Final Project.v1i.coco\train\2_204_jpg.rf.621cba3efa8d664834a3e4b5f01078fe.jpg,0,1,1,0
train,20,fp_train_0056.jpg,train,2_226_jpg.rf.1ee346a42b23e84be0f23c2f2de34b33.jpg,new_dataset\Final Project.v1i.coco\train\2_226_jpg.rf.1ee346a42b23e84be0f23c2f2de34b33.jpg,1,1,0,0
train,20,fp_train_0057.jpg,train,2_158_jpg.rf.f16df653a2086995104806ef1952e1e0.jpg,new_dataset\Final Project.v1i.coco\train\2_158_jpg.rf.f16df653a2086995104806ef1952e1e0.jpg,0,1,0,0
train,20,fp_train_0058.jpg,train,2_125_jpg.rf.22e52ea994efcd277198b51c635bd552.jpg,new_dataset\Final Project.v1i.coco\train\2_125_jpg.rf.22e52ea994efcd277198b51c635bd552.jpg,0,1,1,0
train,20,fp_train_0059.jpg,train,2_190_jpg.rf.04627e7805d87f5388b3280bf850116d.jpg,new_dataset\Final Project.v1i.coco\train\2_190_jpg.rf.04627e7805d87f5388b3280bf850116d.jpg,0,1,0,0
train,20,fp_train_0060.jpg,train,2_119_jpg.rf.a1e161864b4594697d9aa24580088991.jpg,new_dataset\Final Project.v1i.coco\train\2_119_jpg.rf.a1e161864b4594697d9aa24580088991.jpg,1,1,0,0
train,20,fp_train_0061.jpg,train,2_177_jpg.rf.eedddd60922cfa2aef7ae21c2d0f615f.jpg,new_dataset\Final Project.v1i.coco\train\2_177_jpg.rf.eedddd60922cfa2aef7ae21c2d0f615f.jpg,0,0,0,0
train,20,fp_train_0062.jpg,train,2_152_jpg.rf.42c9e4f68da309da8708191ec1d76679.jpg,new_dataset\Final Project.v1i.coco\train\2_152_jpg.rf.42c9e4f68da309da8708191ec1d76679.jpg,1,0,0,0
train,20,fp_train_0063.jpg,train,2_217_jpg.rf.bc782d734355d661240d92563fe5bead.jpg,new_dataset\Final Project.v1i.coco\train\2_217_jpg.rf.bc782d734355d661240d92563fe5bead.jpg,1,1,0,0
train,20,fp_train_0064.jpg,train,2_172_jpg.rf.a0eb5b67ace9d5ded4dee179dd44bf89.jpg,new_dataset\Final Project.v1i.coco\train\2_172_jpg.rf.a0eb5b67ace9d5ded4dee179dd44bf89.jpg,1,1,0,0
train,20,fp_train_0065.jpg,train,2_118_jpg.rf.532c9fbafd17d91d6e90b4b2cb75aab1.jpg,new_dataset\Final Project.v1i.coco\train\2_118_jpg.rf.532c9fbafd17d91d6e90b4b2cb75aab1.jpg,0,1,0,0
train,20,fp_train_0066.jpg,train,2_157_jpg.rf.1630754ae3223d9d8407fb720c9623da.jpg,new_dataset\Final Project.v1i.coco\train\2_157_jpg.rf.1630754ae3223d9d8407fb720c9623da.jpg,1,1,0,0
train,20,fp_train_0067.jpg,train,2_139_jpg.rf.2f701899bec735b2f9bbc81b07077d62.jpg,new_dataset\Final Project.v1i.coco\train\2_139_jpg.rf.2f701899bec735b2f9bbc81b07077d62.jpg,0,1,0,0
train,20,fp_train_0068.jpg,train,2_198_jpg.rf.520076eab819ae6ae7325c8b933453ca.jpg,new_dataset\Final Project.v1i.coco\train\2_198_jpg.rf.520076eab819ae6ae7325c8b933453ca.jpg,0,0,0,0
train,20,fp_train_0069.jpg,train,2_182_jpg.rf.c8bf44353d82ec058161bdcad7ddecf2.jpg,new_dataset\Final Project.v1i.coco\train\2_182_jpg.rf.c8bf44353d82ec058161bdcad7ddecf2.jpg,0,1,0,0
train,20,fp_train_0070.jpg,train,2_228_jpg.rf.fc96f33cedba9d51eb080e817926913a.jpg,new_dataset\Final Project.v1i.coco\train\2_228_jpg.rf.fc96f33cedba9d51eb080e817926913a.jpg,0,0,0,0
train,20,fp_train_0071.jpg,train,2_179_jpg.rf.2eba0b50184250085999f4316ecedb7b.jpg,new_dataset\Final Project.v1i.coco\train\2_179_jpg.rf.2eba0b50184250085999f4316ecedb7b.jpg,1,1,1,0
train,20,fp_train_0072.jpg,train,2_155_jpg.rf.416a4f915c101055e950c7da831d2947.jpg,new_dataset\Final Project.v1i.coco\train\2_155_jpg.rf.416a4f915c101055e950c7da831d2947.jpg,1,1,0,0
train,20,fp_train_0073.jpg,train,2_159_jpg.rf.96e84dd5611efccbcfaeb25484b0c1f0.jpg,new_dataset\Final Project.v1i.coco\train\2_159_jpg.rf.96e84dd5611efccbcfaeb25484b0c1f0.jpg,0,0,0,0
train,20,fp_train_0074.jpg,train,2_230_jpg.rf.765255e67a199a055a6a3ceab45f8628.jpg,new_dataset\Final Project.v1i.coco\train\2_230_jpg.rf.765255e67a199a055a6a3ceab45f8628.jpg,0,1,1,0
train,20,fp_train_0075.jpg,train,2_213_jpg.rf.cff1d91c3d7fde023546510dc95a1ad5.jpg,new_dataset\Final Project.v1i.coco\train\2_213_jpg.rf.cff1d91c3d7fde023546510dc95a1ad5.jpg,1,0,0,0
train,20,fp_train_0076.jpg,train,2_212_jpg.rf.be3aee3a7d20b0cade66013d58a98971.jpg,new_dataset\Final Project.v1i.coco\train\2_212_jpg.rf.be3aee3a7d20b0cade66013d58a98971.jpg,0,1,0,0
train,20,fp_train_0077.jpg,train,2_137_jpg.rf.8f1531bdc0162734c599556d87089d6e.jpg,new_dataset\Final Project.v1i.coco\train\2_137_jpg.rf.8f1531bdc0162734c599556d87089d6e.jpg,0,0,0,0
train,20,fp_train_0078.jpg,train,2_222_jpg.rf.40ec67e6882d8c8cb78da6849458281f.jpg,new_dataset\Final Project.v1i.coco\train\2_222_jpg.rf.40ec67e6882d8c8cb78da6849458281f.jpg,0,1,0,0
train,20,fp_train_0079.jpg,train,2_210_jpg.rf.8051102dc1fbed07b46ab4d11a1fe1bd.jpg,new_dataset\Final Project.v1i.coco\train\2_210_jpg.rf.8051102dc1fbed07b46ab4d11a1fe1bd.jpg,1,0,0,0
train,20,fp_train_0080.jpg,train,2_173_jpg.rf.d3285f6ff01cf2156685ceb39e88e51f.jpg,new_dataset\Final Project.v1i.coco\train\2_173_jpg.rf.d3285f6ff01cf2156685ceb39e88e51f.jpg,0,0,0,0
train,20,fp_train_0081.jpg,train,2_223_jpg.rf.606771bb23f8f10924334d2ea57b8581.jpg,new_dataset\Final Project.v1i.coco\train\2_223_jpg.rf.606771bb23f8f10924334d2ea57b8581.jpg,1,0,0,0
train,20,fp_train_0082.jpg,train,2_117_jpg.rf.cbbc12ee43af5d9fb8dac28b9447c3ab.jpg,new_dataset\Final Project.v1i.coco\train\2_117_jpg.rf.cbbc12ee43af5d9fb8dac28b9447c3ab.jpg,0,1,0,0
train,20,fp_train_0083.jpg,train,2_164_jpg.rf.31b48523921a05decb54b27fcf29f03a.jpg,new_dataset\Final Project.v1i.coco\train\2_164_jpg.rf.31b48523921a05decb54b27fcf29f03a.jpg,0,1,0,0
train,20,fp_train_0084.jpg,train,2_163_jpg.rf.4b60e6b1513f40e4d9a7ae1e246f69da.jpg,new_dataset\Final Project.v1i.coco\train\2_163_jpg.rf.4b60e6b1513f40e4d9a7ae1e246f69da.jpg,0,0,0,0
train,20,fp_train_0085.jpg,train,2_209_jpg.rf.946bea3ec9cdbddf91c80767dc3d773c.jpg,new_dataset\Final Project.v1i.coco\train\2_209_jpg.rf.946bea3ec9cdbddf91c80767dc3d773c.jpg,0,1,0,0
train,20,fp_train_0086.jpg,train,2_174_jpg.rf.0138538e6a6fecbc3465f00b9d24d826.jpg,new_dataset\Final Project.v1i.coco\train\2_174_jpg.rf.0138538e6a6fecbc3465f00b9d24d826.jpg,0,0,0,0
train,20,fp_train_0087.jpg,train,2_183_jpg.rf.b43177b9e839bc484b5c4387c24d9f79.jpg,new_dataset\Final Project.v1i.coco\train\2_183_jpg.rf.b43177b9e839bc484b5c4387c24d9f79.jpg,0,1,0,0
train,20,fp_train_0088.jpg,train,2_130_jpg.rf.5710297948caa15437d3c02d5b6375a3.jpg,new_dataset\Final Project.v1i.coco\train\2_130_jpg.rf.5710297948caa15437d3c02d5b6375a3.jpg,0,1,0,0
train,20,fp_train_0089.jpg,train,2_208_jpg.rf.223c7e0881ddad92ab5303e36cabfee6.jpg,new_dataset\Final Project.v1i.coco\train\2_208_jpg.rf.223c7e0881ddad92ab5303e36cabfee6.jpg,1,1,0,0
train,20,fp_train_0090.jpg,train,2_189_jpg.rf.dbddd0fc4df7865add016a0ebd8c0589.jpg,new_dataset\Final Project.v1i.coco\train\2_189_jpg.rf.dbddd0fc4df7865add016a0ebd8c0589.jpg,0,1,0,0
train,20,fp_train_0091.jpg,train,2_131_jpg.rf.90820dfec86f5fa87e0ed4acbf11ce74.jpg,new_dataset\Final Project.v1i.coco\train\2_131_jpg.rf.90820dfec86f5fa87e0ed4acbf11ce74.jpg,0,1,1,0
train,20,fp_train_0092.jpg,train,2_176_jpg.rf.3ede7692fbc6c27d0934c25ecfe90296.jpg,new_dataset\Final Project.v1i.coco\train\2_176_jpg.rf.3ede7692fbc6c27d0934c25ecfe90296.jpg,0,0,0,0
train,20,fp_train_0093.jpg,train,2_140_jpg.rf.fae5dc009b674f8841253bb5fc61a2ea.jpg,new_dataset\Final Project.v1i.coco\train\2_140_jpg.rf.fae5dc009b674f8841253bb5fc61a2ea.jpg,0,0,0,0
train,20,fp_train_0094.jpg,train,2_219_jpg.rf.4392c398fb6ec3535fe0938e61371db5.jpg,new_dataset\Final Project.v1i.coco\train\2_219_jpg.rf.4392c398fb6ec3535fe0938e61371db5.jpg,0,0,0,0
train,20,fp_train_0095.jpg,train,2_194_jpg.rf.82ee0d638956a6e9f35931c3c5089b88.jpg,new_dataset\Final Project.v1i.coco\train\2_194_jpg.rf.82ee0d638956a6e9f35931c3c5089b88.jpg,0,1,0,0
train,20,fp_train_0096.jpg,train,2_151_jpg.rf.5afc4a69df60b0ce140628a588315058.jpg,new_dataset\Final Project.v1i.coco\train\2_151_jpg.rf.5afc4a69df60b0ce140628a588315058.jpg,0,1,1,0
train,20,fp_train_0097.jpg,train,2_181_jpg.rf.01ede8cf769d0de6f94e8761aa8d7d69.jpg,new_dataset\Final Project.v1i.coco\train\2_181_jpg.rf.01ede8cf769d0de6f94e8761aa8d7d69.jpg,1,1,0,0
train,20,fp_train_0098.jpg,train,2_171_jpg.rf.4edfad65a256ca8c83e2fdc0f461fefa.jpg,new_dataset\Final Project.v1i.coco\train\2_171_jpg.rf.4edfad65a256ca8c83e2fdc0f461fefa.jpg,0,1,0,0
train,20,fp_train_0099.jpg,train,2_207_jpg.rf.facc0fcc119c77d8944de259ef453dca.jpg,new_dataset\Final Project.v1i.coco\train\2_207_jpg.rf.facc0fcc119c77d8944de259ef453dca.jpg,1,0,0,0
train,20,fp_train_0100.jpg,train,2_132_jpg.rf.763370379fdc624e1c26030331658a4d.jpg,new_dataset\Final Project.v1i.coco\train\2_132_jpg.rf.763370379fdc624e1c26030331658a4d.jpg,0,1,1,0
train,20,fp_train_0101.jpg,train,2_161_jpg.rf.369f7148fa25fae68e581b5d41b6ded0.jpg,new_dataset\Final Project.v1i.coco\train\2_161_jpg.rf.369f7148fa25fae68e581b5d41b6ded0.jpg,0,1,0,0
train,20,fp_train_0102.jpg,train,2_188_jpg.rf.5f560e1db7b178fd426c8f6b615af9df.jpg,new_dataset\Final Project.v1i.coco\train\2_188_jpg.rf.5f560e1db7b178fd426c8f6b615af9df.jpg,0,1,0,0
train,20,fp_train_0103.jpg,valid,2_136_jpg.rf.da1d705abebd2d12ae5251c6961308f9.jpg,new_dataset\Final Project.v1i.coco\valid\2_136_jpg.rf.da1d705abebd2d12ae5251c6961308f9.jpg,0,0,0,0
train,20,fp_train_0104.jpg,valid,2_115_jpg.rf.94a1dd5be597792ef6b2131557db985a.jpg,new_dataset\Final Project.v1i.coco\valid\2_115_jpg.rf.94a1dd5be597792ef6b2131557db985a.jpg,0,0,0,0
train,20,fp_train_0105.jpg,valid,2_231_jpg.rf.4d7738d9c925132d4135655172b9b515.jpg,new_dataset\Final Project.v1i.coco\valid\2_231_jpg.rf.4d7738d9c925132d4135655172b9b515.jpg,0,1,0,0
train,20,fp_train_0106.jpg,valid,2_180_jpg.rf.c800988add3d0307de47e3a81688c20b.jpg,new_dataset\Final Project.v1i.coco\valid\2_180_jpg.rf.c800988add3d0307de47e3a81688c20b.jpg,0,1,0,0
train,20,fp_train_0107.jpg,valid,2_178_jpg.rf.9993e8462d90bba6572bcc8635db81c9.jpg,new_dataset\Final Project.v1i.coco\valid\2_178_jpg.rf.9993e8462d90bba6572bcc8635db81c9.jpg,0,0,0,0
train,20,fp_train_0108.jpg,valid,2_187_jpg.rf.e9cfb88548b7d3aab707eac7e25acbc7.jpg,new_dataset\Final Project.v1i.coco\valid\2_187_jpg.rf.e9cfb88548b7d3aab707eac7e25acbc7.jpg,0,1,0,0
train,20,fp_train_0109.jpg,valid,2_135_jpg.rf.316fe73e39c244df440c674421fa88ad.jpg,new_dataset\Final Project.v1i.coco\valid\2_135_jpg.rf.316fe73e39c244df440c674421fa88ad.jpg,0,1,0,0
train,20,fp_train_0110.jpg,valid,2_199_jpg.rf.5094eb93e9061b85b2bbea0583511a3b.jpg,new_dataset\Final Project.v1i.coco\valid\2_199_jpg.rf.5094eb93e9061b85b2bbea0583511a3b.jpg,0,0,0,0
train,20,fp_train_0111.jpg,valid,2_227_jpg.rf.4acbbb9be2164043100345fadd26a772.jpg,new_dataset\Final Project.v1i.coco\valid\2_227_jpg.rf.4acbbb9be2164043100345fadd26a772.jpg,0,1,0,0
train,20,fp_train_0112.jpg,valid,2_165_jpg.rf.c6dff6bdebec75d385f61721c86be3a6.jpg,new_dataset\Final Project.v1i.coco\valid\2_165_jpg.rf.c6dff6bdebec75d385f61721c86be3a6.jpg,0,1,0,0
train,20,fp_train_0113.jpg,valid,2_215_jpg.rf.efde5d777d461c05fa8917aca7453dd7.jpg,new_dataset\Final Project.v1i.coco\valid\2_215_jpg.rf.efde5d777d461c05fa8917aca7453dd7.jpg,0,1,1,0
train,20,fp_train_0114.jpg,valid,2_127_jpg.rf.f4c16f02aa3274660adce35dced8ab86.jpg,new_dataset\Final Project.v1i.coco\valid\2_127_jpg.rf.f4c16f02aa3274660adce35dced8ab86.jpg,0,0,0,0
train,20,fp_train_0115.jpg,valid,2_114_jpg.rf.90004dfec0b04351b3be3df78004e35d.jpg,new_dataset\Final Project.v1i.coco\valid\2_114_jpg.rf.90004dfec0b04351b3be3df78004e35d.jpg,0,0,0,0
train,20,fp_train_0116.jpg,valid,2_160_jpg.rf.241110cde6c16c4e4701ac18a2ea3ea3.jpg,new_dataset\Final Project.v1i.coco\valid\2_160_jpg.rf.241110cde6c16c4e4701ac18a2ea3ea3.jpg,0,0,1,0
train,20,fp_train_0117.jpg,valid,2_216_jpg.rf.9892383bf20d46afee0cca68d0e81e87.jpg,new_dataset\Final Project.v1i.coco\valid\2_216_jpg.rf.9892383bf20d46afee0cca68d0e81e87.jpg,0,1,0,0
train,20,fp_train_0118.jpg,test,2_146_jpg.rf.eb09869c22433b2e010cf0e5c4b283af.jpg,new_dataset\Final Project.v1i.coco\test\2_146_jpg.rf.eb09869c22433b2e010cf0e5c4b283af.jpg,0,1,1,0
train,20,fp_train_0119.jpg,test,2_154_jpg.rf.f863241fd04dc3a4b270283804e7e485.jpg,new_dataset\Final Project.v1i.coco\test\2_154_jpg.rf.f863241fd04dc3a4b270283804e7e485.jpg,0,1,0,0
train,20,fp_train_0120.jpg,test,2_205_jpg.rf.8818c593b9f21288dabfd68df66e21c5.jpg,new_dataset\Final Project.v1i.coco\test\2_205_jpg.rf.8818c593b9f21288dabfd68df66e21c5.jpg,0,0,1,0
train,20,fp_train_0121.jpg,test,2_185_jpg.rf.13f348fe63d85de51d04121166075028.jpg,new_dataset\Final Project.v1i.coco\test\2_185_jpg.rf.13f348fe63d85de51d04121166075028.jpg,0,1,0,0
train,20,fp_train_0122.jpg,test,2_220_jpg.rf.c48cb67f5bd9f5ccdf1f02241ce8f20d.jpg,new_dataset\Final Project.v1i.coco\test\2_220_jpg.rf.c48cb67f5bd9f5ccdf1f02241ce8f20d.jpg,0,1,0,0
train,20,fp_train_0123.jpg,test,2_142_jpg.rf.ccc019facc972e09c33f9280387c01ff.jpg,new_dataset\Final Project.v1i.coco\test\2_142_jpg.rf.ccc019facc972e09c33f9280387c01ff.jpg,1,1,0,1
train,20,fp_train_0124.jpg,test,2_138_jpg.rf.9575603b5971a477441ef2dd8a53a19b.jpg,new_dataset\Final Project.v1i.coco\test\2_138_jpg.rf.9575603b5971a477441ef2dd8a53a19b.jpg,0,0,0,0
train,20,fp_train_0125.jpg,test,2_206_jpg.rf.d3b05855144445ebc04ca0c03ec70ff3.jpg,new_dataset\Final Project.v1i.coco\test\2_206_jpg.rf.d3b05855144445ebc04ca0c03ec70ff3.jpg,0,1,1,0
train,20,fp_train_0126.jpg,test,2_193_jpg.rf.766224f0fa6d12345247c603219f6e33.jpg,new_dataset\Final Project.v1i.coco\test\2_193_jpg.rf.766224f0fa6d12345247c603219f6e33.jpg,0,1,1,0
train,20,fp_train_0127.jpg,test,2_170_jpg.rf.3e678ed347cad09fcc70860f955eded4.jpg,new_dataset\Final Project.v1i.coco\test\2_170_jpg.rf.3e678ed347cad09fcc70860f955eded4.jpg,0,1,1,0
train,20,fp_train_0128.jpg,test,2_211_jpg.rf.e88e45c94874b97c4110e6e6d664111d.jpg,new_dataset\Final Project.v1i.coco\test\2_211_jpg.rf.e88e45c94874b97c4110e6e6d664111d.jpg,1,0,0,0
train,21,fp_train_0129.jpg,train,193_jpg.rf.4b9600308a36c2bc9134298aa0fcee52.jpg,new_dataset\Final Project.v1i.coco\train\193_jpg.rf.4b9600308a36c2bc9134298aa0fcee52.jpg,0,0,1,0
train,21,fp_train_0130.jpg,train,212_jpg.rf.284bec549f89f0087da739831153ef8c.jpg,new_dataset\Final Project.v1i.coco\train\212_jpg.rf.284bec549f89f0087da739831153ef8c.jpg,0,0,0,1
train,22,fp_train_0131.jpg,train,P_2129_jpg.rf.8481312f2b502aa9fcd4703d4a62000a.jpg,new_dataset\Final Project.v1i.coco\train\P_2129_jpg.rf.8481312f2b502aa9fcd4703d4a62000a.jpg,1,1,0,1
test,23,fp_test_0006.jpg,train,2_106_jpg.rf.b9e511b7f0ff722111588f32f7d180ea.jpg,new_dataset\Final Project.v1i.coco\train\2_106_jpg.rf.b9e511b7f0ff722111588f32f7d180ea.jpg,0,1,0,0
test,23,fp_test_0007.jpg,train,2_109_jpg.rf.b7267fc5fcb0e0da9f9937a9408de4b6.jpg,new_dataset\Final Project.v1i.coco\train\2_109_jpg.rf.b7267fc5fcb0e0da9f9937a9408de4b6.jpg,1,1,1,0
test,23,fp_test_0008.jpg,valid,2_108_jpg.rf.204810c2319b6b4003cbccf1d23a9152.jpg,new_dataset\Final Project.v1i.coco\valid\2_108_jpg.rf.204810c2319b6b4003cbccf1d23a9152.jpg,0,1,0,0
test,23,fp_test_0009.jpg,test,2_107_jpg.rf.b314c3d6d930a8bf893523f20799f4ce.jpg,new_dataset\Final Project.v1i.coco\test\2_107_jpg.rf.b314c3d6d930a8bf893523f20799f4ce.jpg,0,1,0,0
test,23,fp_test_0010.jpg,test,2_104_jpg.rf.2a6e639cd0cb5846191c488c4dc61de0.jpg,new_dataset\Final Project.v1i.coco\test\2_104_jpg.rf.2a6e639cd0cb5846191c488c4dc61de0.jpg,1,1,0,0
test,23,fp_test_0011.jpg,test,2_105_jpg.rf.e7eec6e10bc70d5fc01f9d5b4164960c.jpg,new_dataset\Final Project.v1i.coco\test\2_105_jpg.rf.e7eec6e10bc70d5fc01f9d5b4164960c.jpg,0,1,0,0
train,24,fp_train_0132.jpg,train,samsung_22_jpg.rf.e5f5ba18741f3bb81e001bb47af66399.jpg,new_dataset\Final Project.v1i.coco\train\samsung_22_jpg.rf.e5f5ba18741f3bb81e001bb47af66399.jpg,1,0,0,0
train,25,fp_train_0133.jpg,train,91_jpg.rf.d6a5b970d38b9e4fb2d2f07226fa2793.jpg,new_dataset\Final Project.v1i.coco\train\91_jpg.rf.d6a5b970d38b9e4fb2d2f07226fa2793.jpg,0,0,0,0
train,26,fp_train_0134.jpg,train,106_jpg.rf.ad6f668c3f73f01d992fc9067013babb.jpg,new_dataset\Final Project.v1i.coco\train\106_jpg.rf.ad6f668c3f73f01d992fc9067013babb.jpg,0,0,1,0
train,26,fp_train_0135.jpg,train,115_jpg.rf.e058c831f6946f45cd0b30a1353341d1.jpg,new_dataset\Final Project.v1i.coco\train\115_jpg.rf.e058c831f6946f45cd0b30a1353341d1.jpg,0,0,0,0
train,26,fp_train_0136.jpg,valid,107_jpg.rf.f5e65d7c06fc2e07e6bea5f5418e5012.jpg,new_dataset\Final Project.v1i.coco\valid\107_jpg.rf.f5e65d7c06fc2e07e6bea5f5418e5012.jpg,0,1,0,0
train,26,fp_train_0137.jpg,test,108_jpg.rf.f5c3168d5313cd8c3203b1a48a802959.jpg,new_dataset\Final Project.v1i.coco\test\108_jpg.rf.f5c3168d5313cd8c3203b1a48a802959.jpg,0,0,0,0
train,27,fp_train_0138.jpg,train,N_10039_JPG_JPG.rf.6fb80533ff5267c945898204a8f0f8a6.jpg,new_dataset\Final Project.v1i.coco\train\N_10039_JPG_JPG.rf.6fb80533ff5267c945898204a8f0f8a6.jpg,1,1,0,0
valid,28,fp_valid_0025.jpg,train,144_jpg.rf.5aa2789fc30b72c06d30ce8dbf4cf70e.jpg,new_dataset\Final Project.v1i.coco\train\144_jpg.rf.5aa2789fc30b72c06d30ce8dbf4cf70e.jpg,0,1,0,1
valid,28,fp_valid_0026.jpg,train,169_jpg.rf.2718f6cf4c9bf5ad79839a63564374d7.jpg,new_dataset\Final Project.v1i.coco\train\169_jpg.rf.2718f6cf4c9bf5ad79839a63564374d7.jpg,1,1,0,1
valid,28,fp_valid_0027.jpg,train,176_jpg.rf.c1c46324bc1a5e5bff3597a696acccad.jpg,new_dataset\Final Project.v1i.coco\train\176_jpg.rf.c1c46324bc1a5e5bff3597a696acccad.jpg,0,0,1,0
valid,28,fp_valid_0028.jpg,train,160_jpg.rf.b103160323a05de6ab73d3764ff81865.jpg,new_dataset\Final Project.v1i.coco\train\160_jpg.rf.b103160323a05de6ab73d3764ff81865.jpg,0,1,0,1
valid,28,fp_valid_0029.jpg,train,143_jpg.rf.87eba5c610a78e2d35a3815d5f980ab7.jpg,new_dataset\Final Project.v1i.coco\train\143_jpg.rf.87eba5c610a78e2d35a3815d5f980ab7.jpg,0,1,0,0
valid,28,fp_valid_0030.jpg,train,158_jpg.rf.29fbf6cdf7faf85748ea6c3a13b17414.jpg,new_dataset\Final Project.v1i.coco\train\158_jpg.rf.29fbf6cdf7faf85748ea6c3a13b17414.jpg,0,0,0,0
valid,28,fp_valid_0031.jpg,train,154_jpg.rf.f6f04545b8f2097ce0d8b2ecb18f996a.jpg,new_dataset\Final Project.v1i.coco\train\154_jpg.rf.f6f04545b8f2097ce0d8b2ecb18f996a.jpg,0,0,1,0
valid,28,fp_valid_0032.jpg,train,178_jpg.rf.3e5f385a4156a6cb94b19458344e9cc6.jpg,new_dataset\Final Project.v1i.coco\train\178_jpg.rf.3e5f385a4156a6cb94b19458344e9cc6.jpg,0,0,0,1
valid,28,fp_valid_0033.jpg,train,173_jpg.rf.161eb83d777a8843a2538136f625258f.jpg,new_dataset\Final Project.v1i.coco\train\173_jpg.rf.161eb83d777a8843a2538136f625258f.jpg,0,0,0,0
valid,28,fp_valid_0034.jpg,train,150_jpg.rf.ac359c7fcc7312997387f62c8de7117a.jpg,new_dataset\Final Project.v1i.coco\train\150_jpg.rf.ac359c7fcc7312997387f62c8de7117a.jpg,1,0,1,0
valid,28,fp_valid_0035.jpg,train,167_jpg.rf.8518277479f54db865df3be435bf6687.jpg,new_dataset\Final Project.v1i.coco\train\167_jpg.rf.8518277479f54db865df3be435bf6687.jpg,0,1,0,0
valid,28,fp_valid_0036.jpg,train,146_jpg.rf.e67ab433d3b3a24d743284a02ae04b2f.jpg,new_dataset\Final Project.v1i.coco\train\146_jpg.rf.e67ab433d3b3a24d743284a02ae04b2f.jpg,0,0,0,0
valid,28,fp_valid_0037.jpg,train,141_jpg.rf.02611fa4b023ba40b524a8b090c9f672.jpg,new_dataset\Final Project.v1i.coco\train\141_jpg.rf.02611fa4b023ba40b524a8b090c9f672.jpg,0,0,0,0
valid,28,fp_valid_0038.jpg,valid,171_jpg.rf.3e7b21f932479a216a3170c0833da374.jpg,new_dataset\Final Project.v1i.coco\valid\171_jpg.rf.3e7b21f932479a216a3170c0833da374.jpg,0,1,0,0
valid,28,fp_valid_0039.jpg,valid,152_jpg.rf.8e22c4ea674717ecdd45109d9983bb5f.jpg,new_dataset\Final Project.v1i.coco\valid\152_jpg.rf.8e22c4ea674717ecdd45109d9983bb5f.jpg,0,0,0,0
valid,28,fp_valid_0040.jpg,valid,156_jpg.rf.f87f16dbbffc5056293128f0a6db7d6a.jpg,new_dataset\Final Project.v1i.coco\valid\156_jpg.rf.f87f16dbbffc5056293128f0a6db7d6a.jpg,0,1,0,0
valid,28,fp_valid_0041.jpg,valid,148_jpg.rf.8d639554abf6e309c86add2a787dbcdd.jpg,new_dataset\Final Project.v1i.coco\valid\148_jpg.rf.8d639554abf6e309c86add2a787dbcdd.jpg,0,0,0,0
valid,28,fp_valid_0042.jpg,test,162_jpg.rf.8ecf91e179a65aafddc0a30b0bd7096d.jpg,new_dataset\Final Project.v1i.coco\test\162_jpg.rf.8ecf91e179a65aafddc0a30b0bd7096d.jpg,0,0,0,1
test,29,fp_test_0012.jpg,train,N_1097_JPG_JPG.rf.7f089434b0081dde1d3f0ce538791bf2.jpg,new_dataset\Final Project.v1i.coco\train\N_1097_JPG_JPG.rf.7f089434b0081dde1d3f0ce538791bf2.jpg,1,1,0,0
valid,30,fp_valid_0043.jpg,train,2_149_jpg.rf.c78c047b06dc0e09fa9bd963fba76586.jpg,new_dataset\Final Project.v1i.coco\train\2_149_jpg.rf.c78c047b06dc0e09fa9bd963fba76586.jpg,0,0,0,0
valid,30,fp_valid_0044.jpg,train,2_143_jpg.rf.325581943480bb9a0afda9cf6fcb8e50.jpg,new_dataset\Final Project.v1i.coco\train\2_143_jpg.rf.325581943480bb9a0afda9cf6fcb8e50.jpg,1,1,0,0
valid,31,fp_valid_0045.jpg,train,60_jpg.rf.e3e74168264f11b9693c86d04ac745fc.jpg,new_dataset\Final Project.v1i.coco\train\60_jpg.rf.e3e74168264f11b9693c86d04ac745fc.jpg,0,0,0,0
train,32,fp_train_0139.jpg,train,samsung_6_jpg.rf.1cd28938b9781be538934f664dce0300.jpg,new_dataset\Final Project.v1i.coco\train\samsung_6_jpg.rf.1cd28938b9781be538934f664dce0300.jpg,0,0,1,1
test,33,fp_test_0013.jpg,train,2_74_jpg.rf.ac1a33024af2784f90a6b9d823d139fd.jpg,new_dataset\Final Project.v1i.coco\train\2_74_jpg.rf.ac1a33024af2784f90a6b9d823d139fd.jpg,1,1,0,0
test,33,fp_test_0014.jpg,train,2_75_jpg.rf.f91565a0f8303f3a9e54dddd77bc986d.jpg,new_dataset\Final Project.v1i.coco\train\2_75_jpg.rf.f91565a0f8303f3a9e54dddd77bc986d.jpg,1,1,0,0
train,34,fp_train_0140.jpg,train,130_jpg.rf.5a355144b4a3d897f31c27c785848b37.jpg,new_dataset\Final Project.v1i.coco\train\130_jpg.rf.5a355144b4a3d897f31c27c785848b37.jpg,0,1,1,0
train,35,fp_train_0141.jpg,train,P_2205_jpg.rf.2bf2018d1e6febe5f060615522e98d99.jpg,new_dataset\Final Project.v1i.coco\train\P_2205_jpg.rf.2bf2018d1e6febe5f060615522e98d99.jpg,0,0,0,0
train,36,fp_train_0142.jpg,train,59_jpg.rf.3aa9bb5102a1a50753c4449bd3be7a9b.jpg,new_dataset\Final Project.v1i.coco\train\59_jpg.rf.3aa9bb5102a1a50753c4449bd3be7a9b.jpg,0,0,0,0
train,36,fp_train_0143.jpg,train,57_jpg.rf.0bb683395ee43eaf35a7769e6ec5cf83.jpg,new_dataset\Final Project.v1i.coco\train\57_jpg.rf.0bb683395ee43eaf35a7769e6ec5cf83.jpg,0,0,0,0
train,36,fp_train_0144.jpg,valid,53_jpg.rf.877729aec367b1b8cf081fdb53236474.jpg,new_dataset\Final Project.v1i.coco\valid\53_jpg.rf.877729aec367b1b8cf081fdb53236474.jpg,0,0,0,0
train,36,fp_train_0145.jpg,test,47_jpg.rf.a84142b940f61fa92c4bc8ccb4f6ff0a.jpg,new_dataset\Final Project.v1i.coco\test\47_jpg.rf.a84142b940f61fa92c4bc8ccb4f6ff0a.jpg,0,0,0,1
test,37,fp_test_0015.jpg,train,187_jpg.rf.6811ba3126e68fa7de8faf568a3dfbc2.jpg,new_dataset\Final Project.v1i.coco\train\187_jpg.rf.6811ba3126e68fa7de8faf568a3dfbc2.jpg,0,0,0,1
test,37,fp_test_0016.jpg,train,183_jpg.rf.dd5b207437f59601000970e005c705fc.jpg,new_dataset\Final Project.v1i.coco\train\183_jpg.rf.dd5b207437f59601000970e005c705fc.jpg,0,0,1,1
test,37,fp_test_0017.jpg,train,201_jpg.rf.6360319f09d12e0410a60211d47e1da7.jpg,new_dataset\Final Project.v1i.coco\train\201_jpg.rf.6360319f09d12e0410a60211d47e1da7.jpg,0,0,0,0
test,37,fp_test_0018.jpg,train,194_jpg.rf.bb93d2667c500bd952b2aec64c70b990.jpg,new_dataset\Final Project.v1i.coco\train\194_jpg.rf.bb93d2667c500bd952b2aec64c70b990.jpg,0,0,0,0
test,37,fp_test_0019.jpg,train,200_jpg.rf.ae49b3aaf74dfeec09df7a195d4266ac.jpg,new_dataset\Final Project.v1i.coco\train\200_jpg.rf.ae49b3aaf74dfeec09df7a195d4266ac.jpg,0,0,0,1
test,37,fp_test_0020.jpg,train,204_jpg.rf.d9048640af5684a00d9d33b6e709e56d.jpg,new_dataset\Final Project.v1i.coco\train\204_jpg.rf.d9048640af5684a00d9d33b6e709e56d.jpg,0,0,0,0
test,37,fp_test_0021.jpg,train,188_jpg.rf.919842d0ed72a49703758554619ba2b9.jpg,new_dataset\Final Project.v1i.coco\train\188_jpg.rf.919842d0ed72a49703758554619ba2b9.jpg,0,0,0,0
test,37,fp_test_0022.jpg,train,206_jpg.rf.928d7ca6214060d0159d143b49f0d15c.jpg,new_dataset\Final Project.v1i.coco\train\206_jpg.rf.928d7ca6214060d0159d143b49f0d15c.jpg,0,0,0,1
test,37,fp_test_0023.jpg,train,208_jpg.rf.3d0c2f907920a52ad543487535f37c41.jpg,new_dataset\Final Project.v1i.coco\train\208_jpg.rf.3d0c2f907920a52ad543487535f37c41.jpg,1,0,1,0
test,37,fp_test_0024.jpg,train,186_jpg.rf.7c3de67410b8c55e46cf606570e1d8f9.jpg,new_dataset\Final Project.v1i.coco\train\186_jpg.rf.7c3de67410b8c55e46cf606570e1d8f9.jpg,0,0,0,0
test,37,fp_test_0025.jpg,train,215_jpg.rf.7d6fe41b777e5a06fb1e15ff9bef757f.jpg,new_dataset\Final Project.v1i.coco\train\215_jpg.rf.7d6fe41b777e5a06fb1e15ff9bef757f.jpg,1,0,0,0
test,37,fp_test_0026.jpg,valid,197_jpg.rf.1350932a762c218e2cef3c01942b7f31.jpg,new_dataset\Final Project.v1i.coco\valid\197_jpg.rf.1350932a762c218e2cef3c01942b7f31.jpg,0,0,0,0
test,37,fp_test_0027.jpg,valid,217_jpg.rf.62fcf0a45b66f37b723bbc3839629d78.jpg,new_dataset\Final Project.v1i.coco\valid\217_jpg.rf.62fcf0a45b66f37b723bbc3839629d78.jpg,0,0,0,1
test,37,fp_test_0028.jpg,valid,210_jpg.rf.9a7ed85a4dac4a5225d7cf0d66f281d6.jpg,new_dataset\Final Project.v1i.coco\valid\210_jpg.rf.9a7ed85a4dac4a5225d7cf0d66f281d6.jpg,0,0,1,0
test,37,fp_test_0029.jpg,valid,214_jpg.rf.54ce1bcc69e5a2bf882555ea79fb6ed5.jpg,new_dataset\Final Project.v1i.coco\valid\214_jpg.rf.54ce1bcc69e5a2bf882555ea79fb6ed5.jpg,0,0,1,1
test,37,fp_test_0030.jpg,valid,199_jpg.rf.de39add0d3ccee9532edf8f2fb3e2181.jpg,new_dataset\Final Project.v1i.coco\valid\199_jpg.rf.de39add0d3ccee9532edf8f2fb3e2181.jpg,1,0,0,0
test,37,fp_test_0031.jpg,valid,218_jpg.rf.04d92ba9ef239a399889f62d3e3c91f8.jpg,new_dataset\Final Project.v1i.coco\valid\218_jpg.rf.04d92ba9ef239a399889f62d3e3c91f8.jpg,0,0,0,0
test,37,fp_test_0032.jpg,test,181_jpg.rf.d14bae434a05773a320c7d93dba685bc.jpg,new_dataset\Final Project.v1i.coco\test\181_jpg.rf.d14bae434a05773a320c7d93dba685bc.jpg,0,0,0,0
test,37,fp_test_0033.jpg,test,190_jpg.rf.545bb83fbbb8709e5d8ce1cacd77580e.jpg,new_dataset\Final Project.v1i.coco\test\190_jpg.rf.545bb83fbbb8709e5d8ce1cacd77580e.jpg,0,0,0,1
test,37,fp_test_0034.jpg,test,202_jpg.rf.7086d7c8c317f230972971d50afd9e17.jpg,new_dataset\Final Project.v1i.coco\test\202_jpg.rf.7086d7c8c317f230972971d50afd9e17.jpg,0,0,0,0
test,37,fp_test_0035.jpg,test,185_jpg.rf.9d389ce13fd8c28bcc1f05009d73a7c9.jpg,new_dataset\Final Project.v1i.coco\test\185_jpg.rf.9d389ce13fd8c28bcc1f05009d73a7c9.jpg,0,0,0,0
test,37,fp_test_0036.jpg,test,191_jpg.rf.ce5a0df0919c5d3c566dc2c28e672790.jpg,new_dataset\Final Project.v1i.coco\test\191_jpg.rf.ce5a0df0919c5d3c566dc2c28e672790.jpg,0,0,0,1
valid,38,fp_valid_0046.jpg,train,samsung_31_jpg.rf.2da63dced0f49ecaa8543e53bc135f32.jpg,new_dataset\Final Project.v1i.coco\train\samsung_31_jpg.rf.2da63dced0f49ecaa8543e53bc135f32.jpg,1,0,0,0
train,39,fp_train_0146.jpg,train,147_jpg.rf.ba50b846226b74e053868e133e30e854.jpg,new_dataset\Final Project.v1i.coco\train\147_jpg.rf.ba50b846226b74e053868e133e30e854.jpg,0,1,0,0
train,39,fp_train_0147.jpg,train,157_jpg.rf.21a379d34397d94ba6ffb01f878054cf.jpg,new_dataset\Final Project.v1i.coco\train\157_jpg.rf.21a379d34397d94ba6ffb01f878054cf.jpg,0,0,0,0
train,40,fp_train_0148.jpg,train,119_jpg.rf.2789ed3b17d7dac3db301a3ad468cf93.jpg,new_dataset\Final Project.v1i.coco\train\119_jpg.rf.2789ed3b17d7dac3db301a3ad468cf93.jpg,0,1,0,0
train,41,fp_train_0149.jpg,train,P_2066_jpg.rf.68a79c555b8b1e8f246c307c779b4328.jpg,new_dataset\Final Project.v1i.coco\train\P_2066_jpg.rf.68a79c555b8b1e8f246c307c779b4328.jpg,1,1,0,1
train,42,fp_train_0150.jpg,train,121_jpg.rf.528aade3df382935d01f9bd755a5fca3.jpg,new_dataset\Final Project.v1i.coco\train\121_jpg.rf.528aade3df382935d01f9bd755a5fca3.jpg,0,0,1,0
train,43,fp_train_0151.jpg,train,N_10053_JPG_JPG.rf.e800d142cbe46a3ae1f634b083ec1ea5.jpg,new_dataset\Final Project.v1i.coco\train\N_10053_JPG_JPG.rf.e800d142cbe46a3ae1f634b083ec1ea5.jpg,1,1,0,1
test,44,fp_test_0037.jpg,train,N_1036_JPG_JPG.rf.233252f828882fee0c8a39e36df89855.jpg,new_dataset\Final Project.v1i.coco\train\N_1036_JPG_JPG.rf.233252f828882fee0c8a39e36df89855.jpg,0,0,1,0
valid,45,fp_valid_0047.jpg,train,P_2265_jpg.rf.bf45899b31bb1f26e622ae9c203d914e.jpg,new_dataset\Final Project.v1i.coco\train\P_2265_jpg.rf.bf45899b31bb1f26e622ae9c203d914e.jpg,0,0,0,0
train,46,fp_train_0152.jpg,train,P_2176_jpg.rf.8ce4cd53e49753b30d534599fd7570fc.jpg,new_dataset\Final Project.v1i.coco\train\P_2176_jpg.rf.8ce4cd53e49753b30d534599fd7570fc.jpg,0,0,0,0
train,47,fp_train_0153.jpg,train,1_jpg.rf.d3308f0431fb8ef1720fbd34c2f6be0f.jpg,new_dataset\Final Project.v1i.coco\train\1_jpg.rf.d3308f0431fb8ef1720fbd34c2f6be0f.jpg,0,0,0,0
train,48,fp_train_0154.jpg,train,P_2158_jpg.rf.94c569bf2d69c86773464d2b782fc684.jpg,new_dataset\Final Project.v1i.coco\train\P_2158_jpg.rf.94c569bf2d69c86773464d2b782fc684.jpg,0,0,0,1
train,49,fp_train_0155.jpg,train,2_28_jpg.rf.aea0b843b2adaf30a8b49c454f5b02e1.jpg,new_dataset\Final Project.v1i.coco\train\2_28_jpg.rf.aea0b843b2adaf30a8b49c454f5b02e1.jpg,0,0,0,1
valid,50,fp_valid_0048.jpg,train,P_2080_jpg.rf.87d871edc3c5f2ab1d98f84e32bc7a80.jpg,new_dataset\Final Project.v1i.coco\train\P_2080_jpg.rf.87d871edc3c5f2ab1d98f84e32bc7a80.jpg,0,1,1,1
test,51,fp_test_0038.jpg,train,125_jpg.rf.440dc9b9264fc668ff5fde836388a5ff.jpg,new_dataset\Final Project.v1i.coco\train\125_jpg.rf.440dc9b9264fc668ff5fde836388a5ff.jpg,0,0,0,0
test,51,fp_test_0039.jpg,valid,122_jpg.rf.d6ac99ab66eb366797c8367bac36a6fa.jpg,new_dataset\Final Project.v1i.coco\valid\122_jpg.rf.d6ac99ab66eb366797c8367bac36a6fa.jpg,0,0,0,1
train,52,fp_train_0156.jpg,train,N_10070_JPG_JPG.rf.b979d354d15cd613c6b778ae43f83a14.jpg,new_dataset\Final Project.v1i.coco\train\N_10070_JPG_JPG.rf.b979d354d15cd613c6b778ae43f83a14.jpg,0,0,0,1
train,53,fp_train_0157.jpg,train,P_2253_jpg.rf.e8b7eea614c7bd41cc6f78f543127c12.jpg,new_dataset\Final Project.v1i.coco\train\P_2253_jpg.rf.e8b7eea614c7bd41cc6f78f543127c12.jpg,1,0,0,1
train,54,fp_train_0158.jpg,train,56_jpg.rf.c8613d653b2d8adc620d4ccce48447b2.jpg,new_dataset\Final Project.v1i.coco\train\56_jpg.rf.c8613d653b2d8adc620d4ccce48447b2.jpg,0,0,0,0
train,54,fp_train_0159.jpg,train,64_jpg.rf.7c75a4ecbd82dd3782e128f5625c6e5b.jpg,new_dataset\Final Project.v1i.coco\train\64_jpg.rf.7c75a4ecbd82dd3782e128f5625c6e5b.jpg,0,0,0,0
valid,55,fp_valid_0049.jpg,train,135_jpg.rf.6c4b03d1872bf84c83f3ce4cbea242af.jpg,new_dataset\Final Project.v1i.coco\train\135_jpg.rf.6c4b03d1872bf84c83f3ce4cbea242af.jpg,0,0,1,0
train,56,fp_train_0160.jpg,train,N_1047_JPG_JPG.rf.5fc3b5d63c6a2c165e4e19d2b46ce375.jpg,new_dataset\Final Project.v1i.coco\train\N_1047_JPG_JPG.rf.5fc3b5d63c6a2c165e4e19d2b46ce375.jpg,0,1,0,0
train,57,fp_train_0161.jpg,train,N_1035_JPG_JPG.rf.05a8372340552f28b94b988a55dfc696.jpg,new_dataset\Final Project.v1i.coco\train\N_1035_JPG_JPG.rf.05a8372340552f28b94b988a55dfc696.jpg,1,1,0,1
train,58,fp_train_0162.jpg,train,samsung_29_jpg.rf.6cfb02ad9240b903bc4affcd2bf802b7.jpg,new_dataset\Final Project.v1i.coco\train\samsung_29_jpg.rf.6cfb02ad9240b903bc4affcd2bf802b7.jpg,1,0,0,0
train,59,fp_train_0163.jpg,train,84_jpg.rf.16c7c3922a1d1a285c6a972f288e710a.jpg,new_dataset\Final Project.v1i.coco\train\84_jpg.rf.16c7c3922a1d1a285c6a972f288e710a.jpg,0,0,0,1
train,59,fp_train_0164.jpg,train,18_jpg.rf.e9d5f54da24bab897d7c41c5a1e19f29.jpg,new_dataset\Final Project.v1i.coco\train\18_jpg.rf.e9d5f54da24bab897d7c41c5a1e19f29.jpg,0,1,0,0
train,59,fp_train_0165.jpg,train,81_jpg.rf.e712529868dd846d9685ab1b9abc0f01.jpg,new_dataset\Final Project.v1i.coco\train\81_jpg.rf.e712529868dd846d9685ab1b9abc0f01.jpg,0,0,0,0
train,59,fp_train_0166.jpg,train,23_jpg.rf.c0feb23ea8f25f8560bea7b15bce9eca.jpg,new_dataset\Final Project.v1i.coco\train\23_jpg.rf.c0feb23ea8f25f8560bea7b15bce9eca.jpg,0,0,0,1
train,59,fp_train_0167.jpg,train,25_jpg.rf.ec22451f3f4042976fba53b35aba600a.jpg,new_dataset\Final Project.v1i.coco\train\25_jpg.rf.ec22451f3f4042976fba53b35aba600a.jpg,0,1,0,0
train,59,fp_train_0168.jpg,train,24_jpg.rf.d9b543128b496287e4387124275e4133.jpg,new_dataset\Final Project.v1i.coco\train\24_jpg.rf.d9b543128b496287e4387124275e4133.jpg,0,0,0,1
train,59,fp_train_0169.jpg,train,19_jpg.rf.c572809ccc5df6ba1f47b44b5d2c2feb.jpg,new_dataset\Final Project.v1i.coco\train\19_jpg.rf.c572809ccc5df6ba1f47b44b5d2c2feb.jpg,0,0,0,0
train,59,fp_train_0170.jpg,train,22_jpg.rf.bf2776820b091e7822a18497193c0999.jpg,new_dataset\Final Project.v1i.coco\train\22_jpg.rf.bf2776820b091e7822a18497193c0999.jpg,0,0,0,0
train,59,fp_train_0171.jpg,valid,17_jpg.rf.12cd59cef091fbcc20d6873c12771f86.jpg,new_dataset\Final Project.v1i.coco\valid\17_jpg.rf.12cd59cef091fbcc20d6873c12771f86.jpg,0,1,0,0
train,59,fp_train_0172.jpg,valid,20_jpg.rf.7a5b661f32a1c89d3c5b2bb48a343f52.jpg,new_dataset\Final Project.v1i.coco\valid\20_jpg.rf.7a5b661f32a1c89d3c5b2bb48a343f52.jpg,0,0,0,0
train,59,fp_train_0173.jpg,test,21_jpg.rf.c847c95281c3aef1b027653170f6fb4b.jpg,new_dataset\Final Project.v1i.coco\test\21_jpg.rf.c847c95281c3aef1b027653170f6fb4b.jpg,0,0,0,1
train,60,fp_train_0174.jpg,train,N_10028_JPG_JPG.rf.d4121666b19dba3dfbe9b545bb1b5062.jpg,new_dataset\Final Project.v1i.coco\train\N_10028_JPG_JPG.rf.d4121666b19dba3dfbe9b545bb1b5062.jpg,1,0,0,1
train,61,fp_train_0175.jpg,train,213_jpg.rf.1e250630a0ea2e68a13677c5112abe45.jpg,new_dataset\Final Project.v1i.coco\train\213_jpg.rf.1e250630a0ea2e68a13677c5112abe45.jpg,1,0,0,1
train,61,fp_train_0176.jpg,train,216_jpg.rf.9e4bfa31763cf77936133b20fa39a66a.jpg,new_dataset\Final Project.v1i.coco\train\216_jpg.rf.9e4bfa31763cf77936133b20fa39a66a.jpg,0,0,0,1
train,61,fp_train_0177.jpg,train,207_jpg.rf.e974eece7fb959b6a4cb1b91058dd65c.jpg,new_dataset\Final Project.v1i.coco\train\207_jpg.rf.e974eece7fb959b6a4cb1b91058dd65c.jpg,0,0,0,1
train,61,fp_train_0178.jpg,valid,195_jpg.rf.7727e6f3c967a7482dc7394ad60ef7b4.jpg,new_dataset\Final Project.v1i.coco\valid\195_jpg.rf.7727e6f3c967a7482dc7394ad60ef7b4.jpg,0,0,0,1
train,61,fp_train_0179.jpg,test,203_jpg.rf.99e2567963ce57edff04ad92c27a06bb.jpg,new_dataset\Final Project.v1i.coco\test\203_jpg.rf.99e2567963ce57edff04ad92c27a06bb.jpg,0,0,0,1
valid,62,fp_valid_0050.jpg,train,samsung_54_jpg.rf.823f486d2e74a3773e8a3e71dd4e548c.jpg,new_dataset\Final Project.v1i.coco\train\samsung_54_jpg.rf.823f486d2e74a3773e8a3e71dd4e548c.jpg,1,0,0,1
test,63,fp_test_0040.jpg,train,P_2175_jpg.rf.c9f5d4ca6d22011e120d22ed5a5f4403.jpg,new_dataset\Final Project.v1i.coco\train\P_2175_jpg.rf.c9f5d4ca6d22011e120d22ed5a5f4403.jpg,0,0,0,0
train,64,fp_train_0180.jpg,train,110_jpg.rf.2e5ca24f0919c37b28356e72537a84bf.jpg,new_dataset\Final Project.v1i.coco\train\110_jpg.rf.2e5ca24f0919c37b28356e72537a84bf.jpg,0,0,0,0
train,64,fp_train_0181.jpg,train,102_jpg.rf.217783a56fb10734221217e0f77fd5b7.jpg,new_dataset\Final Project.v1i.coco\train\102_jpg.rf.217783a56fb10734221217e0f77fd5b7.jpg,0,0,0,0
train,64,fp_train_0182.jpg,train,114_jpg.rf.b000e4017c65c577e156d659fea09678.jpg,new_dataset\Final Project.v1i.coco\train\114_jpg.rf.b000e4017c65c577e156d659fea09678.jpg,0,0,0,0
train,64,fp_train_0183.jpg,train,101_jpg.rf.915eb59c90f9fa29e92a72828c3aecbb.jpg,new_dataset\Final Project.v1i.coco\train\101_jpg.rf.915eb59c90f9fa29e92a72828c3aecbb.jpg,0,0,0,0
train,65,fp_train_0184.jpg,train,samsung_63_jpg.rf.82194c73ccd38ad8e5b12f4bc4ae99d6.jpg,new_dataset\Final Project.v1i.coco\train\samsung_63_jpg.rf.82194c73ccd38ad8e5b12f4bc4ae99d6.jpg,0,0,0,0
test,66,fp_test_0041.jpg,train,P_2187_jpg.rf.b8566d5900bc10fc15112f894ec29ad4.jpg,new_dataset\Final Project.v1i.coco\train\P_2187_jpg.rf.b8566d5900bc10fc15112f894ec29ad4.jpg,0,1,0,0
train,67,fp_train_0185.jpg,train,samsung_5_jpg.rf.9b5034c12099e6c47e59c407bd42060f.jpg,new_dataset\Final Project.v1i.coco\train\samsung_5_jpg.rf.9b5034c12099e6c47e59c407bd42060f.jpg,1,0,0,1
train,68,fp_train_0186.jpg,train,samsung_57_jpg.rf.726b16f89efc81528a52b7e480f0fa54.jpg,new_dataset\Final Project.v1i.coco\train\samsung_57_jpg.rf.726b16f89efc81528a52b7e480f0fa54.jpg,0,0,0,0
train,69,fp_train_0187.jpg,train,P_2046_jpg.rf.a4ca0f7d9b333f0de82e355867315237.jpg,new_dataset\Final Project.v1i.coco\train\P_2046_jpg.rf.a4ca0f7d9b333f0de82e355867315237.jpg,1,1,0,1
valid,70,fp_valid_0051.jpg,train,N_1008_JPG_JPG.rf.522f6406ac2799183978c683b2dbc973.jpg,new_dataset\Final Project.v1i.coco\train\N_1008_JPG_JPG.rf.522f6406ac2799183978c683b2dbc973.jpg,1,0,0,0
train,71,fp_train_0188.jpg,train,N_1003_JPG_JPG.rf.5a45d8fc13271d26b8260950297666c6.jpg,new_dataset\Final Project.v1i.coco\train\N_1003_JPG_JPG.rf.5a45d8fc13271d26b8260950297666c6.jpg,1,1,0,0
train,72,fp_train_0189.jpg,train,3_jpg.rf.ab35db2693275698ffd5f01196b425b5.jpg,new_dataset\Final Project.v1i.coco\train\3_jpg.rf.ab35db2693275698ffd5f01196b425b5.jpg,0,0,0,0
train,73,fp_train_0190.jpg,train,N_1069_JPG_JPG.rf.6da527a32d70e1ffb866aa7c15774fad.jpg,new_dataset\Final Project.v1i.coco\train\N_1069_JPG_JPG.rf.6da527a32d70e1ffb866aa7c15774fad.jpg,1,0,1,0
test,74,fp_test_0042.jpg,train,N_1094_JPG_JPG.rf.23ac77070cd48db0a331d8efbb752f69.jpg,new_dataset\Final Project.v1i.coco\train\N_1094_JPG_JPG.rf.23ac77070cd48db0a331d8efbb752f69.jpg,1,0,0,0
valid,75,fp_valid_0052.jpg,train,31_jpg.rf.5d911b894dcb7c6eaf556824649a54f0.jpg,new_dataset\Final Project.v1i.coco\train\31_jpg.rf.5d911b894dcb7c6eaf556824649a54f0.jpg,0,0,0,0
test,76,fp_test_0043.jpg,train,2_103_jpg.rf.8caab833183982367c63acf5a38beeb7.jpg,new_dataset\Final Project.v1i.coco\train\2_103_jpg.rf.8caab833183982367c63acf5a38beeb7.jpg,1,1,0,0
test,76,fp_test_0044.jpg,train,2_102_jpg.rf.fb1444c9f14326cf996933e1a70ad012.jpg,new_dataset\Final Project.v1i.coco\train\2_102_jpg.rf.fb1444c9f14326cf996933e1a70ad012.jpg,1,1,0,0
test,76,fp_test_0045.jpg,test,2_101_jpg.rf.f46776614ffbb92e52eea7a2ec3093cf.jpg,new_dataset\Final Project.v1i.coco\test\2_101_jpg.rf.f46776614ffbb92e52eea7a2ec3093cf.jpg,1,1,0,0
train,77,fp_train_0191.jpg,train,136_jpg.rf.f11d76e261e5e78e7f046bc0973b3ead.jpg,new_dataset\Final Project.v1i.coco\train\136_jpg.rf.f11d76e261e5e78e7f046bc0973b3ead.jpg,0,1,0,0
train,78,fp_train_0192.jpg,train,samsung_21_jpg.rf.aac6b72404d264cf0dd68b88e50c40cf.jpg,new_dataset\Final Project.v1i.coco\train\samsung_21_jpg.rf.aac6b72404d264cf0dd68b88e50c40cf.jpg,1,1,0,0
test,79,fp_test_0046.jpg,train,P_2220_jpg.rf.582dc965930884e4a55ed1f49babde83.jpg,new_dataset\Final Project.v1i.coco\train\P_2220_jpg.rf.582dc965930884e4a55ed1f49babde83.jpg,1,1,0,1
train,80,fp_train_0193.jpg,train,P_2127_jpg.rf.09f89e38a8eb913d626dd24b3b78ef16.jpg,new_dataset\Final Project.v1i.coco\train\P_2127_jpg.rf.09f89e38a8eb913d626dd24b3b78ef16.jpg,1,1,0,1
train,81,fp_train_0194.jpg,train,samsung_73_jpg.rf.c57a5c32237cf3a89d0fd72a106d41fc.jpg,new_dataset\Final Project.v1i.coco\train\samsung_73_jpg.rf.c57a5c32237cf3a89d0fd72a106d41fc.jpg,0,0,0,0
train,82,fp_train_0195.jpg,train,samsung_67_jpg.rf.645c64ace8601f598357bc0607cd95f9.jpg,new_dataset\Final Project.v1i.coco\train\samsung_67_jpg.rf.645c64ace8601f598357bc0607cd95f9.jpg,1,0,0,1
train,83,fp_train_0196.jpg,train,N_10061_JPG_JPG.rf.8d9a94758e82ba6bae3132f4bc9d6ba5.jpg,new_dataset\Final Project.v1i.coco\train\N_10061_JPG_JPG.rf.8d9a94758e82ba6bae3132f4bc9d6ba5.jpg,1,0,0,1
train,84,fp_train_0197.jpg,train,N_10071_JPG_JPG.rf.b3f4b2a6b6fecf70fa9717a113e6e3d8.jpg,new_dataset\Final Project.v1i.coco\train\N_10071_JPG_JPG.rf.b3f4b2a6b6fecf70fa9717a113e6e3d8.jpg,1,0,0,0
test,85,fp_test_0047.jpg,train,N_1045_JPG_JPG.rf.6ef1dfba3c4e0e1fdae9eff239a87c39.jpg,new_dataset\Final Project.v1i.coco\train\N_1045_JPG_JPG.rf.6ef1dfba3c4e0e1fdae9eff239a87c39.jpg,1,1,0,0
train,86,fp_train_0198.jpg,train,2_23_jpg.rf.db30bd86b4444940b8888f09c6e6f4ab.jpg,new_dataset\Final Project.v1i.coco\train\2_23_jpg.rf.db30bd86b4444940b8888f09c6e6f4ab.jpg,1,1,0,0
valid,87,fp_valid_0053.jpg,train,N_10024_JPG_JPG.rf.5fa5c74e698a92f187001b8e0756d348.jpg,new_dataset\Final Project.v1i.coco\train\N_10024_JPG_JPG.rf.5fa5c74e698a92f187001b8e0756d348.jpg,1,0,0,0
train,88,fp_train_0199.jpg,train,P_2106_jpg.rf.7c7de2f8bcba97dd8beabf853f1afaff.jpg,new_dataset\Final Project.v1i.coco\train\P_2106_jpg.rf.7c7de2f8bcba97dd8beabf853f1afaff.jpg,0,1,0,0
train,89,fp_train_0200.jpg,train,2_15_jpg.rf.df10e787319c5ee4896ef0aa5297790e.jpg,new_dataset\Final Project.v1i.coco\train\2_15_jpg.rf.df10e787319c5ee4896ef0aa5297790e.jpg,1,0,0,0
train,89,fp_train_0201.jpg,train,2_10_jpg.rf.f1c404d63957a6aceceb4fea22d6a1c7.jpg,new_dataset\Final Project.v1i.coco\train\2_10_jpg.rf.f1c404d63957a6aceceb4fea22d6a1c7.jpg,0,0,0,0
train,90,fp_train_0202.jpg,train,2_31_jpg.rf.133635b14a9e7c7e4415e06c6fce052f.jpg,new_dataset\Final Project.v1i.coco\train\2_31_jpg.rf.133635b14a9e7c7e4415e06c6fce052f.jpg,0,1,1,0
train,91,fp_train_0203.jpg,train,samsung_25_jpg.rf.49906d74f173e23bf2d9cd51d3c2ee57.jpg,new_dataset\Final Project.v1i.coco\train\samsung_25_jpg.rf.49906d74f173e23bf2d9cd51d3c2ee57.jpg,1,0,0,0
train,92,fp_train_0204.jpg,train,P_2217_jpg.rf.8c42636fd47851b2c3ebd847707c18f3.jpg,new_dataset\Final Project.v1i.coco\train\P_2217_jpg.rf.8c42636fd47851b2c3ebd847707c18f3.jpg,1,1,1,1
train,93,fp_train_0205.jpg,train,P_2028_jpg.rf.52c7529363899837c26bc927b791921e.jpg,new_dataset\Final Project.v1i.coco\train\P_2028_jpg.rf.52c7529363899837c26bc927b791921e.jpg,1,1,0,1
train,94,fp_train_0206.jpg,train,P_2121_jpg.rf.a1507661e245c2495fddc548d8ca4e36.jpg,new_dataset\Final Project.v1i.coco\train\P_2121_jpg.rf.a1507661e245c2495fddc548d8ca4e36.jpg,1,0,0,0
valid,95,fp_valid_0054.jpg,train,N_10001_JPG_JPG.rf.cf4327cc4775052b9794b40e2f1a8d99.jpg,new_dataset\Final Project.v1i.coco\train\N_10001_JPG_JPG.rf.cf4327cc4775052b9794b40e2f1a8d99.jpg,1,0,0,1
valid,95,fp_valid_0055.jpg,valid,N_10077_JPG_JPG.rf.50b0308cd07346a005270d88216c86de.jpg,new_dataset\Final Project.v1i.coco\valid\N_10077_JPG_JPG.rf.50b0308cd07346a005270d88216c86de.jpg,1,0,0,1
train,96,fp_train_0207.jpg,train,N_1098_JPG_JPG.rf.c58ba9c8dfdb219f769b520b0400c200.jpg,new_dataset\Final Project.v1i.coco\train\N_1098_JPG_JPG.rf.c58ba9c8dfdb219f769b520b0400c200.jpg,1,0,1,0
train,97,fp_train_0208.jpg,train,P_2055_jpg.rf.6d40f219c96df1f3e514ac7551f899e9.jpg,new_dataset\Final Project.v1i.coco\train\P_2055_jpg.rf.6d40f219c96df1f3e514ac7551f899e9.jpg,0,1,0,1
train,98,fp_train_0209.jpg,train,N_1081_JPG_JPG.rf.1d82183d22c0818439338c449ca0950d.jpg,new_dataset\Final Project.v1i.coco\train\N_1081_JPG_JPG.rf.1d82183d22c0818439338c449ca0950d.jpg,0,0,0,0
train,99,fp_train_0210.jpg,train,samsung_17_jpg.rf.2858bf1339912338150f5b41eab6683f.jpg,new_dataset\Final Project.v1i.coco\train\samsung_17_jpg.rf.2858bf1339912338150f5b41eab6683f.jpg,0,0,0,0
train,100,fp_train_0211.jpg,train,P_2210_jpg.rf.dea59b9a8ffa5e021aefbf3860b9a3ef.jpg,new_dataset\Final Project.v1i.coco\train\P_2210_jpg.rf.dea59b9a8ffa5e021aefbf3860b9a3ef.jpg,0,0,0,0
test,101,fp_test_0048.jpg,train,35_jpg.rf.8818ed6eb3df912a550fb6db5c76680c.jpg,new_dataset\Final Project.v1i.coco\train\35_jpg.rf.8818ed6eb3df912a550fb6db5c76680c.jpg,0,0,0,0
train,102,fp_train_0212.jpg,train,12_jpg.rf.3222888bee31f61d1514260d6091f926.jpg,new_dataset\Final Project.v1i.coco\train\12_jpg.rf.3222888bee31f61d1514260d6091f926.jpg,0,1,0,0
train,103,fp_train_0213.jpg,train,74_jpg.rf.87dfe8c41bff8eda082ee7004bd80091.jpg,new_dataset\Final Project.v1i.coco\train\74_jpg.rf.87dfe8c41bff8eda082ee7004bd80091.jpg,0,0,1,0
train,103,fp_train_0214.jpg,valid,75_jpg.rf.d9968ee7d1766aa6445bb1f402251227.jpg,new_dataset\Final Project.v1i.coco\valid\75_jpg.rf.d9968ee7d1766aa6445bb1f402251227.jpg,0,0,0,0
train,104,fp_train_0215.jpg,train,P_2252_jpg.rf.a8e954a998d96953dca2e5328ca25005.jpg,new_dataset\Final Project.v1i.coco\train\P_2252_jpg.rf.a8e954a998d96953dca2e5328ca25005.jpg,1,0,0,1
train,105,fp_train_0216.jpg,train,P_2031_jpg.rf.7c1ce70a7a24fb48d02852e8e5081c51.jpg,new_dataset\Final Project.v1i.coco\train\P_2031_jpg.rf.7c1ce70a7a24fb48d02852e8e5081c51.jpg,0,1,1,1
test,106,fp_test_0049.jpg,train,N_1021_JPG_JPG.rf.81ea9e863a067992ff75a05fadaf22b1.jpg,new_dataset\Final Project.v1i.coco\train\N_1021_JPG_JPG.rf.81ea9e863a067992ff75a05fadaf22b1.jpg,1,0,0,1
valid,107,fp_valid_0056.jpg,train,samsung_49_jpg.rf.a2942b7351bbb6bd2b660c422ba1d97f.jpg,new_dataset\Final Project.v1i.coco\train\samsung_49_jpg.rf.a2942b7351bbb6bd2b660c422ba1d97f.jpg,0,0,0,0
train,108,fp_train_0217.jpg,train,N_1056_JPG_JPG.rf.f96b77ccf696c63fea931251587c3cff.jpg,new_dataset\Final Project.v1i.coco\train\N_1056_JPG_JPG.rf.f96b77ccf696c63fea931251587c3cff.jpg,1,0,0,1
valid,109,fp_valid_0057.jpg,train,58_jpg.rf.1f51074342200ef34fcf693a68680f7f.jpg,new_dataset\Final Project.v1i.coco\train\58_jpg.rf.1f51074342200ef34fcf693a68680f7f.jpg,0,0,0,0
valid,109,fp_valid_0058.jpg,train,54_jpg.rf.387af41dbb433c83b07107b59b19a4a1.jpg,new_dataset\Final Project.v1i.coco\train\54_jpg.rf.387af41dbb433c83b07107b59b19a4a1.jpg,0,0,0,0
valid,109,fp_valid_0059.jpg,valid,46_jpg.rf.84e33b6480d48efb2021ae399da4c904.jpg,new_dataset\Final Project.v1i.coco\valid\46_jpg.rf.84e33b6480d48efb2021ae399da4c904.jpg,0,0,0,0
train,110,fp_train_0218.jpg,train,2_jpg.rf.f298da4e07955c96839d63df94f13265.jpg,new_dataset\Final Project.v1i.coco\train\2_jpg.rf.f298da4e07955c96839d63df94f13265.jpg,0,0,0,0
valid,111,fp_valid_0060.jpg,train,samsung_7_jpg.rf.0e53b552b650bf1ce51a533e1f878b34.jpg,new_dataset\Final Project.v1i.coco\train\samsung_7_jpg.rf.0e53b552b650bf1ce51a533e1f878b34.jpg,0,0,1,1
train,112,fp_train_0219.jpg,train,P_2036_jpg.rf.f401fbd7c97b490fca9b2addeb60b40e.jpg,new_dataset\Final Project.v1i.coco\train\P_2036_jpg.rf.f401fbd7c97b490fca9b2addeb60b40e.jpg,0,0,1,0
train,113,fp_train_0220.jpg,train,samsung_55_jpg.rf.adf191b29fe8db057a79546a073614ee.jpg,new_dataset\Final Project.v1i.coco\train\samsung_55_jpg.rf.adf191b29fe8db057a79546a073614ee.jpg,0,0,0,0
valid,114,fp_valid_0061.jpg,train,N_1041_JPG_JPG.rf.fc9bae79147c61451b85c6c5bd787ea4.jpg,new_dataset\Final Project.v1i.coco\train\N_1041_JPG_JPG.rf.fc9bae79147c61451b85c6c5bd787ea4.jpg,1,0,0,0
train,115,fp_train_0221.jpg,train,N_1053_JPG_JPG.rf.500d6c04319f10ba386977c5a48e86b4.jpg,new_dataset\Final Project.v1i.coco\train\N_1053_JPG_JPG.rf.500d6c04319f10ba386977c5a48e86b4.jpg,0,1,1,0
train,116,fp_train_0222.jpg,train,P_2117_jpg.rf.222c7ad48f6d80e9abfe37d328a7296e.jpg,new_dataset\Final Project.v1i.coco\train\P_2117_jpg.rf.222c7ad48f6d80e9abfe37d328a7296e.jpg,1,0,0,0
train,117,fp_train_0223.jpg,train,samsung_68_jpg.rf.9fe965c2d5f5938f100be2a2c63500d5.jpg,new_dataset\Final Project.v1i.coco\train\samsung_68_jpg.rf.9fe965c2d5f5938f100be2a2c63500d5.jpg,1,0,0,1
train,118,fp_train_0224.jpg,train,P_2235_jpg.rf.984b22054ffaca9a4511bf80fd888696.jpg,new_dataset\Final Project.v1i.coco\train\P_2235_jpg.rf.984b22054ffaca9a4511bf80fd888696.jpg,0,0,0,1
train,119,fp_train_0225.jpg,train,2_35_jpg.rf.56fc46d83ff8bf48943b636f6163c734.jpg,new_dataset\Final Project.v1i.coco\train\2_35_jpg.rf.56fc46d83ff8bf48943b636f6163c734.jpg,0,1,0,0
train,119,fp_train_0226.jpg,train,2_45_jpg.rf.c9cd0eee11f7d808a2c749e0d81c159d.jpg,new_dataset\Final Project.v1i.coco\train\2_45_jpg.rf.c9cd0eee11f7d808a2c749e0d81c159d.jpg,0,0,0,0
train,119,fp_train_0227.jpg,valid,2_36_jpg.rf.d32da4361cd4dd6719483b8d0da2258a.jpg,new_dataset\Final Project.v1i.coco\valid\2_36_jpg.rf.d32da4361cd4dd6719483b8d0da2258a.jpg,0,1,0,0
train,120,fp_train_0228.jpg,train,2_27_jpg.rf.000542ee164c812e0a2b51d0777ea694.jpg,new_dataset\Final Project.v1i.coco\train\2_27_jpg.rf.000542ee164c812e0a2b51d0777ea694.jpg,1,0,0,0
train,121,fp_train_0229.jpg,train,N_1009_JPG_JPG.rf.c683cfff02fb78131debfa079c403129.jpg,new_dataset\Final Project.v1i.coco\train\N_1009_JPG_JPG.rf.c683cfff02fb78131debfa079c403129.jpg,1,0,0,0
train,122,fp_train_0230.jpg,train,P_2089_jpg.rf.3bc6a00d610c464125def31a33c29c4d.jpg,new_dataset\Final Project.v1i.coco\train\P_2089_jpg.rf.3bc6a00d610c464125def31a33c29c4d.jpg,0,1,0,1
train,123,fp_train_0231.jpg,train,182_jpg.rf.18b5e41c7670c418c1b220e61e28fa70.jpg,new_dataset\Final Project.v1i.coco\train\182_jpg.rf.18b5e41c7670c418c1b220e61e28fa70.jpg,0,0,0,1
train,124,fp_train_0232.jpg,train,P_2167_jpg.rf.4929ed722b93d2c21d8e339a561e7791.jpg,new_dataset\Final Project.v1i.coco\train\P_2167_jpg.rf.4929ed722b93d2c21d8e339a561e7791.jpg,0,0,0,0
test,125,fp_test_0050.jpg,train,samsung_34_jpg.rf.9b289a1c3d91450a524e9466eac70bd1.jpg,new_dataset\Final Project.v1i.coco\train\samsung_34_jpg.rf.9b289a1c3d91450a524e9466eac70bd1.jpg,1,0,0,0
train,126,fp_train_0233.jpg,train,P_2222_jpg.rf.09b51a207d13db2d62f85ddffe6f06d3.jpg,new_dataset\Final Project.v1i.coco\train\P_2222_jpg.rf.09b51a207d13db2d62f85ddffe6f06d3.jpg,1,0,0,1
test,127,fp_test_0051.jpg,train,P_2219_jpg.rf.22d12e430fde1dc5cf6eee0579785549.jpg,new_dataset\Final Project.v1i.coco\train\P_2219_jpg.rf.22d12e430fde1dc5cf6eee0579785549.jpg,0,1,0,1
train,128,fp_train_0234.jpg,train,13_jpg.rf.eb722b37c39dd33e199f88d06da249f0.jpg,new_dataset\Final Project.v1i.coco\train\13_jpg.rf.eb722b37c39dd33e199f88d06da249f0.jpg,1,0,0,0
train,129,fp_train_0235.jpg,train,P_2146_jpg.rf.3050c0db0171991ab5cba2999fe12698.jpg,new_dataset\Final Project.v1i.coco\train\P_2146_jpg.rf.3050c0db0171991ab5cba2999fe12698.jpg,0,0,0,1
train,130,fp_train_0236.jpg,train,P_2226_jpg.rf.1b8d384a4359487913d2d2987c4c26ca.jpg,new_dataset\Final Project.v1i.coco\train\P_2226_jpg.rf.1b8d384a4359487913d2d2987c4c26ca.jpg,0,1,0,0
train,131,fp_train_0237.jpg,train,177_jpg.rf.8ef92986448a3c3ca9918bb6b19fb448.jpg,new_dataset\Final Project.v1i.coco\train\177_jpg.rf.8ef92986448a3c3ca9918bb6b19fb448.jpg,0,1,1,0
train,131,fp_train_0238.jpg,train,172_jpg.rf.12c0c7cbcf2ede6723ff525e82b2b3bc.jpg,new_dataset\Final Project.v1i.coco\train\172_jpg.rf.12c0c7cbcf2ede6723ff525e82b2b3bc.jpg,0,0,0,0
train,131,fp_train_0239.jpg,train,168_jpg.rf.111530dfee2389047e3e05bd23ce7eb0.jpg,new_dataset\Final Project.v1i.coco\train\168_jpg.rf.111530dfee2389047e3e05bd23ce7eb0.jpg,1,0,0,0
train,131,fp_train_0240.jpg,valid,179_jpg.rf.829c6abb702beefd67e023da0b81b68e.jpg,new_dataset\Final Project.v1i.coco\valid\179_jpg.rf.829c6abb702beefd67e023da0b81b68e.jpg,0,0,0,0
train,131,fp_train_0241.jpg,valid,140_jpg.rf.4f7b1f439a461fcfca8167d7aa7e1792.jpg,new_dataset\Final Project.v1i.coco\valid\140_jpg.rf.4f7b1f439a461fcfca8167d7aa7e1792.jpg,0,0,0,0
train,132,fp_train_0242.jpg,train,69_jpg.rf.f92a23cddef05058d965c5a077a0b8b9.jpg,new_dataset\Final Project.v1i.coco\train\69_jpg.rf.f92a23cddef05058d965c5a077a0b8b9.jpg,0,0,1,0
train,133,fp_train_0243.jpg,train,N_1011_JPG_JPG.rf.2a8d5c9254767e0d8685300e7ac034db.jpg,new_dataset\Final Project.v1i.coco\train\N_1011_JPG_JPG.rf.2a8d5c9254767e0d8685300e7ac034db.jpg,1,0,0,0
train,134,fp_train_0244.jpg,train,N_10042_JPG_JPG.rf.32a15bc1795d293d6170ac7003cce90a.jpg,new_dataset\Final Project.v1i.coco\train\N_10042_JPG_JPG.rf.32a15bc1795d293d6170ac7003cce90a.jpg,1,1,0,0
valid,135,fp_valid_0062.jpg,train,P_2094_jpg.rf.81df3d3aff6ca3dcbb3247165e49d7bd.jpg,new_dataset\Final Project.v1i.coco\train\P_2094_jpg.rf.81df3d3aff6ca3dcbb3247165e49d7bd.jpg,1,0,0,1
valid,136,fp_valid_0063.jpg,train,P_2230_jpg.rf.ab6a41bb3e63eca0dd717be7889fd324.jpg,new_dataset\Final Project.v1i.coco\train\P_2230_jpg.rf.ab6a41bb3e63eca0dd717be7889fd324.jpg,1,0,0,0
train,137,fp_train_0245.jpg,train,P_2053_jpg.rf.0fd521847bac42e9f990acadc97f4497.jpg,new_dataset\Final Project.v1i.coco\train\P_2053_jpg.rf.0fd521847bac42e9f990acadc97f4497.jpg,1,1,0,1
train,138,fp_train_0246.jpg,train,2_51_jpg.rf.109cee1d64347c4bc8cbcb303bedc17d.jpg,new_dataset\Final Project.v1i.coco\train\2_51_jpg.rf.109cee1d64347c4bc8cbcb303bedc17d.jpg,0,0,0,0
train,139,fp_train_0247.jpg,train,samsung_27_jpg.rf.96fc1029977d435cb81f9274d83d3983.jpg,new_dataset\Final Project.v1i.coco\train\samsung_27_jpg.rf.96fc1029977d435cb81f9274d83d3983.jpg,1,0,1,0
train,140,fp_train_0248.jpg,train,P_2048_jpg.rf.64601cfd3934ea17d18f266af298bb25.jpg,new_dataset\Final Project.v1i.coco\train\P_2048_jpg.rf.64601cfd3934ea17d18f266af298bb25.jpg,1,1,0,1
train,141,fp_train_0249.jpg,train,N_10040_JPG_JPG.rf.7b1f30a55741fd01c757c39a4ec2e2c4.jpg,new_dataset\Final Project.v1i.coco\train\N_10040_JPG_JPG.rf.7b1f30a55741fd01c757c39a4ec2e2c4.jpg,1,1,0,1
train,142,fp_train_0250.jpg,train,11_jpg.rf.38d0a022ce2c96b0741c1aa4220b1b95.jpg,new_dataset\Final Project.v1i.coco\train\11_jpg.rf.38d0a022ce2c96b0741c1aa4220b1b95.jpg,0,1,0,0
test,143,fp_test_0052.jpg,train,N_1040_JPG_JPG.rf.56e778dcbfe745ffb76014d6bcc145e7.jpg,new_dataset\Final Project.v1i.coco\train\N_1040_JPG_JPG.rf.56e778dcbfe745ffb76014d6bcc145e7.jpg,0,0,0,0
train,144,fp_train_0251.jpg,train,N_10032_JPG_JPG.rf.67a4a19fa7628d080e07977a9e512f51.jpg,new_dataset\Final Project.v1i.coco\train\N_10032_JPG_JPG.rf.67a4a19fa7628d080e07977a9e512f51.jpg,1,0,1,1
valid,145,fp_valid_0064.jpg,train,N_10020_JPG_JPG.rf.ee08cb019666521e6d8acace887ed04d.jpg,new_dataset\Final Project.v1i.coco\train\N_10020_JPG_JPG.rf.ee08cb019666521e6d8acace887ed04d.jpg,1,0,0,1
train,146,fp_train_0252.jpg,train,82_jpg.rf.828046f47fa1466c74bbfdd825370634.jpg,new_dataset\Final Project.v1i.coco\train\82_jpg.rf.828046f47fa1466c74bbfdd825370634.jpg,0,0,0,0
train,146,fp_train_0253.jpg,train,43_jpg.rf.356ace89512e97ca5dc42fe63d84facb.jpg,new_dataset\Final Project.v1i.coco\train\43_jpg.rf.356ace89512e97ca5dc42fe63d84facb.jpg,0,0,1,1
train,146,fp_train_0254.jpg,train,49_jpg.rf.c48ab430f77d61c2c124fad0411ba6a6.jpg,new_dataset\Final Project.v1i.coco\train\49_jpg.rf.c48ab430f77d61c2c124fad0411ba6a6.jpg,0,0,0,0
train,146,fp_train_0255.jpg,train,85_jpg.rf.ce0fc0af493c9fa925516fe6d70e162c.jpg,new_dataset\Final Project.v1i.coco\train\85_jpg.rf.ce0fc0af493c9fa925516fe6d70e162c.jpg,0,0,1,0
train,146,fp_train_0256.jpg,train,65_jpg.rf.b8ed6d79d17cdaa9b35f2380fad629e0.jpg,new_dataset\Final Project.v1i.coco\train\65_jpg.rf.b8ed6d79d17cdaa9b35f2380fad629e0.jpg,0,0,0,0
train,146,fp_train_0257.jpg,train,55_jpg.rf.ec11b3961678494195cd3fe07e59648e.jpg,new_dataset\Final Project.v1i.coco\train\55_jpg.rf.ec11b3961678494195cd3fe07e59648e.jpg,0,0,0,0
train,146,fp_train_0258.jpg,train,66_jpg.rf.3d2dda83942b7f215560b528c1ebac0d.jpg,new_dataset\Final Project.v1i.coco\train\66_jpg.rf.3d2dda83942b7f215560b528c1ebac0d.jpg,0,0,0,0
train,146,fp_train_0259.jpg,test,51_jpg.rf.611765639b760a89ffe468c33b49732c.jpg,new_dataset\Final Project.v1i.coco\test\51_jpg.rf.611765639b760a89ffe468c33b49732c.jpg,0,0,0,0
train,146,fp_train_0260.jpg,test,86_jpg.rf.7ce879534e3f45d59b3327baff511cc0.jpg,new_dataset\Final Project.v1i.coco\test\86_jpg.rf.7ce879534e3f45d59b3327baff511cc0.jpg,0,0,1,0
train,146,fp_train_0261.jpg,test,83_jpg.rf.460583d0064714fc3d6872c536a4d0c7.jpg,new_dataset\Final Project.v1i.coco\test\83_jpg.rf.460583d0064714fc3d6872c536a4d0c7.jpg,0,0,1,0
valid,147,fp_valid_0065.jpg,train,2_34_jpg.rf.6d688895aa519298613960262f37e561.jpg,new_dataset\Final Project.v1i.coco\train\2_34_jpg.rf.6d688895aa519298613960262f37e561.jpg,0,1,1,0
train,148,fp_train_0262.jpg,train,samsung_64_jpg.rf.40f9d2781b2534a369adfdd83672ab11.jpg,new_dataset\Final Project.v1i.coco\train\samsung_64_jpg.rf.40f9d2781b2534a369adfdd83672ab11.jpg,1,1,0,1
train,149,fp_train_0263.jpg,train,P_2064_jpg.rf.4f3e4dcf0d4ae99ee4a6707145dc930d.jpg,new_dataset\Final Project.v1i.coco\train\P_2064_jpg.rf.4f3e4dcf0d4ae99ee4a6707145dc930d.jpg,1,0,0,1
train,150,fp_train_0264.jpg,train,samsung_8_jpg.rf.f4d71b96c30319a51447961afa1a5898.jpg,new_dataset\Final Project.v1i.coco\train\samsung_8_jpg.rf.f4d71b96c30319a51447961afa1a5898.jpg,0,0,0,1
train,151,fp_train_0265.jpg,train,P_2023_jpg.rf.a000c36878308da3dcb4a0642090d6aa.jpg,new_dataset\Final Project.v1i.coco\train\P_2023_jpg.rf.a000c36878308da3dcb4a0642090d6aa.jpg,1,1,0,1
train,152,fp_train_0266.jpg,train,184_jpg.rf.4f4fa1a91a709b1ed5d77893fc5b79d0.jpg,new_dataset\Final Project.v1i.coco\train\184_jpg.rf.4f4fa1a91a709b1ed5d77893fc5b79d0.jpg,1,0,0,1
train,152,fp_train_0267.jpg,train,189_jpg.rf.37d70469d39f199321ba31f58eab192d.jpg,new_dataset\Final Project.v1i.coco\train\189_jpg.rf.37d70469d39f199321ba31f58eab192d.jpg,0,0,0,1
train,153,fp_train_0268.jpg,train,N_1089_JPG_JPG.rf.180bff221cc72482b97a177b7ce9cffa.jpg,new_dataset\Final Project.v1i.coco\train\N_1089_JPG_JPG.rf.180bff221cc72482b97a177b7ce9cffa.jpg,1,0,0,0
valid,154,fp_valid_0066.jpg,train,P_2107_jpg.rf.242e642c1270670accd820d2db9ed605.jpg,new_dataset\Final Project.v1i.coco\train\P_2107_jpg.rf.242e642c1270670accd820d2db9ed605.jpg,0,1,0,0
train,155,fp_train_0269.jpg,train,N_1051_JPG_JPG.rf.0a8cf79b36db8c92a4cbe216e3bbe272.jpg,new_dataset\Final Project.v1i.coco\train\N_1051_JPG_JPG.rf.0a8cf79b36db8c92a4cbe216e3bbe272.jpg,1,1,0,1
train,156,fp_train_0270.jpg,train,N_10035_JPG_JPG.rf.a39d13df28ea1bd5c9a7a402bac769a5.jpg,new_dataset\Final Project.v1i.coco\train\N_10035_JPG_JPG.rf.a39d13df28ea1bd5c9a7a402bac769a5.jpg,1,0,0,0
train,157,fp_train_0271.jpg,train,N_10044_JPG_JPG.rf.1b53f8d2a5b2ff1695f4df1f193af6ba.jpg,new_dataset\Final Project.v1i.coco\train\N_10044_JPG_JPG.rf.1b53f8d2a5b2ff1695f4df1f193af6ba.jpg,1,0,0,1
train,158,fp_train_0272.jpg,train,78_jpg.rf.f9fa5c9192277ca9bf28dfe0b4a0b48b.jpg,new_dataset\Final Project.v1i.coco\train\78_jpg.rf.f9fa5c9192277ca9bf28dfe0b4a0b48b.jpg,0,0,0,0
train,159,fp_train_0273.jpg,train,P_2101_jpg.rf.143455aea49848f8b82b59bc74f22c5c.jpg,new_dataset\Final Project.v1i.coco\train\P_2101_jpg.rf.143455aea49848f8b82b59bc74f22c5c.jpg,0,1,0,1
train,160,fp_train_0274.jpg,train,N_1046_JPG_JPG.rf.1b329fd43e04890c899ce200bd911feb.jpg,new_dataset\Final Project.v1i.coco\train\N_1046_JPG_JPG.rf.1b329fd43e04890c899ce200bd911feb.jpg,0,1,0,0
train,161,fp_train_0275.jpg,train,N_1042_JPG_JPG.rf.12caa6959c00ba089e6fd975d63cb9aa.jpg,new_dataset\Final Project.v1i.coco\train\N_1042_JPG_JPG.rf.12caa6959c00ba089e6fd975d63cb9aa.jpg,1,0,0,0
train,162,fp_train_0276.jpg,train,P_2097_jpg.rf.b41800457724dd2a9c6f22116bd5f135.jpg,new_dataset\Final Project.v1i.coco\train\P_2097_jpg.rf.b41800457724dd2a9c6f22116bd5f135.jpg,1,1,0,1
train,163,fp_train_0277.jpg,train,2_168_jpg.rf.5ad110d6c6573c9c4cfe55e43cbcc2e9.jpg,new_dataset\Final Project.v1i.coco\train\2_168_jpg.rf.5ad110d6c6573c9c4cfe55e43cbcc2e9.jpg,0,1,1,0
train,164,fp_train_0278.jpg,train,N_1065_JPG_JPG.rf.44ed6a63217bcf4084e248a833208e6b.jpg,new_dataset\Final Project.v1i.coco\train\N_1065_JPG_JPG.rf.44ed6a63217bcf4084e248a833208e6b.jpg,0,0,0,0
train,165,fp_train_0279.jpg,train,P_2035_jpg.rf.85265e2ab15ecb18007eeb3ea1766e67.jpg,new_dataset\Final Project.v1i.coco\train\P_2035_jpg.rf.85265e2ab15ecb18007eeb3ea1766e67.jpg,0,0,0,0
train,166,fp_train_0280.jpg,train,P_2118_jpg.rf.bee47686a1424a9b928ed501893304e2.jpg,new_dataset\Final Project.v1i.coco\train\P_2118_jpg.rf.bee47686a1424a9b928ed501893304e2.jpg,1,0,0,0
train,167,fp_train_0281.jpg,train,P_2268_jpg.rf.799c1107c0b5f4d7373a6a3f01b69571.jpg,new_dataset\Final Project.v1i.coco\train\P_2268_jpg.rf.799c1107c0b5f4d7373a6a3f01b69571.jpg,0,0,0,0
valid,168,fp_valid_0067.jpg,train,samsung_87_jpg.rf.ff68d0d6d23a6078ddfffc626ff3e81d.jpg,new_dataset\Final Project.v1i.coco\train\samsung_87_jpg.rf.ff68d0d6d23a6078ddfffc626ff3e81d.jpg,0,0,0,0
test,169,fp_test_0053.jpg,train,P_2163_jpg.rf.fec940508668c013bdb8d48a3d6e8895.jpg,new_dataset\Final Project.v1i.coco\train\P_2163_jpg.rf.fec940508668c013bdb8d48a3d6e8895.jpg,0,0,0,1
valid,170,fp_valid_0068.jpg,train,P_2156_jpg.rf.c3ac70fe4503ac4b2945d475ff00ee55.jpg,new_dataset\Final Project.v1i.coco\train\P_2156_jpg.rf.c3ac70fe4503ac4b2945d475ff00ee55.jpg,1,1,0,1
train,171,fp_train_0282.jpg,train,P_2239_jpg.rf.1c5c7b32d94e22248dc5cf8bf71fbf06.jpg,new_dataset\Final Project.v1i.coco\train\P_2239_jpg.rf.1c5c7b32d94e22248dc5cf8bf71fbf06.jpg,1,0,0,1
valid,172,fp_valid_0069.jpg,train,116_jpg.rf.36fe9ad77f2cc9ea02b96976989477a7.jpg,new_dataset\Final Project.v1i.coco\train\116_jpg.rf.36fe9ad77f2cc9ea02b96976989477a7.jpg,0,1,0,0
train,173,fp_train_0283.jpg,train,P_2259_jpg.rf.eb2fba52372b0261d007bb8683d50dcf.jpg,new_dataset\Final Project.v1i.coco\train\P_2259_jpg.rf.eb2fba52372b0261d007bb8683d50dcf.jpg,1,0,0,0
train,174,fp_train_0284.jpg,train,138_jpg.rf.94fc9448a27db076bbe5c21ba3938e85.jpg,new_dataset\Final Project.v1i.coco\train\138_jpg.rf.94fc9448a27db076bbe5c21ba3938e85.jpg,0,0,0,0
train,175,fp_train_0285.jpg,train,N_10045_JPG_JPG.rf.c0da23f401a25580d1d63d8646a4ad26.jpg,new_dataset\Final Project.v1i.coco\train\N_10045_JPG_JPG.rf.c0da23f401a25580d1d63d8646a4ad26.jpg,0,0,0,0
train,176,fp_train_0286.jpg,train,N_10027_JPG_JPG.rf.3f470461917738d6acc4dc01516e6b80.jpg,new_dataset\Final Project.v1i.coco\train\N_10027_JPG_JPG.rf.3f470461917738d6acc4dc01516e6b80.jpg,1,0,0,1
valid,177,fp_valid_0070.jpg,train,2_17_jpg.rf.08751433f4671a619bb8f9fd3b99c7b6.jpg,new_dataset\Final Project.v1i.coco\train\2_17_jpg.rf.08751433f4671a619bb8f9fd3b99c7b6.jpg,1,0,0,0
train,178,fp_train_0287.jpg,train,samsung_28_jpg.rf.46af9704f59be2f830c7e269cf62174e.jpg,new_dataset\Final Project.v1i.coco\train\samsung_28_jpg.rf.46af9704f59be2f830c7e269cf62174e.jpg,1,0,0,1
train,179,fp_train_0288.jpg,train,P_2192_jpg.rf.a4649b6f8bbad2ecf37acb434d1e75af.jpg,new_dataset\Final Project.v1i.coco\train\P_2192_jpg.rf.a4649b6f8bbad2ecf37acb434d1e75af.jpg,0,1,0,0
train,180,fp_train_0289.jpg,train,P_2027_jpg.rf.258dd0e5bcd7cdb8d62fda50e3f21409.jpg,new_dataset\Final Project.v1i.coco\train\P_2027_jpg.rf.258dd0e5bcd7cdb8d62fda50e3f21409.jpg,1,1,0,1
train,181,fp_train_0290.jpg,train,N_1079_JPG_JPG.rf.2a87e702c7e19018c711d0cb2c3ee123.jpg,new_dataset\Final Project.v1i.coco\train\N_1079_JPG_JPG.rf.2a87e702c7e19018c711d0cb2c3ee123.jpg,0,0,0,0
test,182,fp_test_0054.jpg,train,P_2200_jpg.rf.9e5358f79b62a56e6e566f8f51b98d35.jpg,new_dataset\Final Project.v1i.coco\train\P_2200_jpg.rf.9e5358f79b62a56e6e566f8f51b98d35.jpg,0,0,0,0
valid,183,fp_valid_0071.jpg,train,2_62_jpg.rf.5658f54e201211cca3b2c8ef99ae1881.jpg,new_dataset\Final Project.v1i.coco\train\2_62_jpg.rf.5658f54e201211cca3b2c8ef99ae1881.jpg,0,0,0,0
train,184,fp_train_0291.jpg,train,50_jpg.rf.7df3d920de17ee923a10e979b45f2384.jpg,new_dataset\Final Project.v1i.coco\train\50_jpg.rf.7df3d920de17ee923a10e979b45f2384.jpg,0,0,0,0
train,184,fp_train_0292.jpg,train,52_jpg.rf.c84dbb30ff6d5110401c21fc1a97a1f1.jpg,new_dataset\Final Project.v1i.coco\train\52_jpg.rf.c84dbb30ff6d5110401c21fc1a97a1f1.jpg,0,0,0,0
valid,185,fp_valid_0072.jpg,train,2_25_jpg.rf.e1fed7aa2ee14704c2f9251fd65aecf5.jpg,new_dataset\Final Project.v1i.coco\train\2_25_jpg.rf.e1fed7aa2ee14704c2f9251fd65aecf5.jpg,1,0,1,0
train,186,fp_train_0293.jpg,train,P_2141_jpg.rf.3674feacccbe4b2b9464df6ce4e1aafa.jpg,new_dataset\Final Project.v1i.coco\train\P_2141_jpg.rf.3674feacccbe4b2b9464df6ce4e1aafa.jpg,0,0,0,0
train,187,fp_train_0294.jpg,train,P_2032_jpg.rf.07ae7617fc1681f21fc331128689f8c6.jpg,new_dataset\Final Project.v1i.coco\train\P_2032_jpg.rf.07ae7617fc1681f21fc331128689f8c6.jpg,0,0,1,0
test,188,fp_test_0055.jpg,train,P_2073_jpg.rf.1033b094505646fc8a33bf773329b9f9.jpg,new_dataset\Final Project.v1i.coco\train\P_2073_jpg.rf.1033b094505646fc8a33bf773329b9f9.jpg,0,1,0,1
train,189,fp_train_0295.jpg,train,P_2153_jpg.rf.9365e91a83f29da5393b1ff713647f6f.jpg,new_dataset\Final Project.v1i.coco\train\P_2153_jpg.rf.9365e91a83f29da5393b1ff713647f6f.jpg,0,0,1,1
train,190,fp_train_0296.jpg,train,2_134_jpg.rf.70b60b15b39a2180335600bae3ae5972.jpg,new_dataset\Final Project.v1i.coco\train\2_134_jpg.rf.70b60b15b39a2180335600bae3ae5972.jpg,0,1,1,0
valid,191,fp_valid_0073.jpg,train,P_2182_jpg.rf.c08e7e3ca90ed5169d0a58bf9d79ead5.jpg,new_dataset\Final Project.v1i.coco\train\P_2182_jpg.rf.c08e7e3ca90ed5169d0a58bf9d79ead5.jpg,0,1,0,1
test,192,fp_test_0056.jpg,train,P_2096_jpg.rf.21292dfcb1b9bca87fb173e9ab0fa150.jpg,new_dataset\Final Project.v1i.coco\train\P_2096_jpg.rf.21292dfcb1b9bca87fb173e9ab0fa150.jpg,1,0,0,0
train,193,fp_train_0297.jpg,train,P_2215_jpg.rf.3504715916f589a71f524b4d563810c8.jpg,new_dataset\Final Project.v1i.coco\train\P_2215_jpg.rf.3504715916f589a71f524b4d563810c8.jpg,0,1,0,0
valid,194,fp_valid_0074.jpg,train,P_2061_jpg.rf.04d3fdc237aef6c5b9bd9aeac08d81f0.jpg,new_dataset\Final Project.v1i.coco\train\P_2061_jpg.rf.04d3fdc237aef6c5b9bd9aeac08d81f0.jpg,1,1,0,1
train,195,fp_train_0298.jpg,train,P_2168_jpg.rf.ca7e3b1a3bee1fe312400bfb07102dc6.jpg,new_dataset\Final Project.v1i.coco\train\P_2168_jpg.rf.ca7e3b1a3bee1fe312400bfb07102dc6.jpg,0,1,0,1
train,196,fp_train_0299.jpg,train,N_1060_JPG_JPG.rf.05b3e32d3d285487922bb0d46622bec7.jpg,new_dataset\Final Project.v1i.coco\train\N_1060_JPG_JPG.rf.05b3e32d3d285487922bb0d46622bec7.jpg,1,0,0,1
valid,197,fp_valid_0075.jpg,train,41_jpg.rf.53831e8330b78931f76d3f6efc0b79b2.jpg,new_dataset\Final Project.v1i.coco\train\41_jpg.rf.53831e8330b78931f76d3f6efc0b79b2.jpg,0,0,0,0
train,198,fp_train_0300.jpg,train,N_10013_JPG_JPG.rf.4bb9fa8fe0c59b9ae69a96fd7b83be6c.jpg,new_dataset\Final Project.v1i.coco\train\N_10013_JPG_JPG.rf.4bb9fa8fe0c59b9ae69a96fd7b83be6c.jpg,1,0,1,1
train,199,fp_train_0301.jpg,train,P_2201_jpg.rf.ec9fffe9c993351db4d2e560cf7875bc.jpg,new_dataset\Final Project.v1i.coco\train\P_2201_jpg.rf.ec9fffe9c993351db4d2e560cf7875bc.jpg,0,1,1,0
train,200,fp_train_0302.jpg,train,N_1020_JPG_JPG.rf.a64c85266b9f4319901bacb5c72a6ad8.jpg,new_dataset\Final Project.v1i.coco\train\N_1020_JPG_JPG.rf.a64c85266b9f4319901bacb5c72a6ad8.jpg,1,1,0,0
test,201,fp_test_0057.jpg,train,P_2008_jpg.rf.e2f83d47dbe8d46655061068caf6d81a.jpg,new_dataset\Final Project.v1i.coco\train\P_2008_jpg.rf.e2f83d47dbe8d46655061068caf6d81a.jpg,0,0,0,0
valid,202,fp_valid_0076.jpg,train,N_10046_JPG_JPG.rf.463dc3f5df1893a907c4947e5dadb448.jpg,new_dataset\Final Project.v1i.coco\train\N_10046_JPG_JPG.rf.463dc3f5df1893a907c4947e5dadb448.jpg,0,0,0,0
train,203,fp_train_0303.jpg,train,2_200_jpg.rf.9e528b9da612993095a12d149eb4710f.jpg,new_dataset\Final Project.v1i.coco\train\2_200_jpg.rf.9e528b9da612993095a12d149eb4710f.jpg,0,0,0,0
train,203,fp_train_0304.jpg,train,2_201_jpg.rf.b545bd8a566f2ca25f60a60ade3acf47.jpg,new_dataset\Final Project.v1i.coco\train\2_201_jpg.rf.b545bd8a566f2ca25f60a60ade3acf47.jpg,0,0,0,0
train,204,fp_train_0305.jpg,train,P_2224_jpg.rf.c3be61c16ffd9d72c566eb86a4749b40.jpg,new_dataset\Final Project.v1i.coco\train\P_2224_jpg.rf.c3be61c16ffd9d72c566eb86a4749b40.jpg,0,1,1,0
train,205,fp_train_0306.jpg,train,2_44_jpg.rf.f854bbcf6c5c01a2454d0a5029e6673f.jpg,new_dataset\Final Project.v1i.coco\train\2_44_jpg.rf.f854bbcf6c5c01a2454d0a5029e6673f.jpg,1,0,0,0
valid,206,fp_valid_0077.jpg,train,67_jpg.rf.c0bc852b9d7f2693c1a33f198ea95b41.jpg,new_dataset\Final Project.v1i.coco\train\67_jpg.rf.c0bc852b9d7f2693c1a33f198ea95b41.jpg,0,1,0,0
train,207,fp_train_0307.jpg,train,P_2131_jpg.rf.05a41285d44dc09a308ea06fbb909b66.jpg,new_dataset\Final Project.v1i.coco\train\P_2131_jpg.rf.05a41285d44dc09a308ea06fbb909b66.jpg,0,1,0,1
train,208,fp_train_0308.jpg,train,2_78_jpg.rf.0888710f8a986cdb45d3cadc6d177982.jpg,new_dataset\Final Project.v1i.coco\train\2_78_jpg.rf.0888710f8a986cdb45d3cadc6d177982.jpg,1,1,0,0
train,208,fp_train_0309.jpg,valid,2_79_jpg.rf.f03ed359833ec966b001c0ba2a41b4ad.jpg,new_dataset\Final Project.v1i.coco\valid\2_79_jpg.rf.f03ed359833ec966b001c0ba2a41b4ad.jpg,1,1,0,1
train,209,fp_train_0310.jpg,train,P_2154_jpg.rf.46beee4964549cfb2d35f8e6ba2794f4.jpg,new_dataset\Final Project.v1i.coco\train\P_2154_jpg.rf.46beee4964549cfb2d35f8e6ba2794f4.jpg,0,1,0,0
train,210,fp_train_0311.jpg,train,166_jpg.rf.33ca052854400f5ad4afeb434abb4aca.jpg,new_dataset\Final Project.v1i.coco\train\166_jpg.rf.33ca052854400f5ad4afeb434abb4aca.jpg,0,1,0,0
train,210,fp_train_0312.jpg,train,153_jpg.rf.8cc6e67427e43d668f7400081bdcfc38.jpg,new_dataset\Final Project.v1i.coco\train\153_jpg.rf.8cc6e67427e43d668f7400081bdcfc38.jpg,0,0,0,0
train,210,fp_train_0313.jpg,train,151_jpg.rf.423ead83f60d0f941476dd2ad3b65626.jpg,new_dataset\Final Project.v1i.coco\train\151_jpg.rf.423ead83f60d0f941476dd2ad3b65626.jpg,1,0,0,1
train,210,fp_train_0314.jpg,train,149_jpg.rf.93c3cbfe3cacf74acb018e10c294676f.jpg,new_dataset\Final Project.v1i.coco\train\149_jpg.rf.93c3cbfe3cacf74acb018e10c294676f.jpg,1,0,0,1
train,210,fp_train_0315.jpg,train,180_jpg.rf.bebbd8a1f001949132817eafb40d5679.jpg,new_dataset\Final Project.v1i.coco\train\180_jpg.rf.bebbd8a1f001949132817eafb40d5679.jpg,0,0,1,0
train,210,fp_train_0316.jpg,valid,170_jpg.rf.d6a73d7a290b94d95e9362a40408ad9d.jpg,new_dataset\Final Project.v1i.coco\valid\170_jpg.rf.d6a73d7a290b94d95e9362a40408ad9d.jpg,1,1,0,0
train,211,fp_train_0317.jpg,train,P_2078_jpg.rf.3b0339e4fa7f2fdf1eb5b169aac345f5.jpg,new_dataset\Final Project.v1i.coco\train\P_2078_jpg.rf.3b0339e4fa7f2fdf1eb5b169aac345f5.jpg,1,0,0,1
valid,212,fp_valid_0078.jpg,train,N_1048_JPG_JPG.rf.09d43734ba6e01548713f0f5ae948211.jpg,new_dataset\Final Project.v1i.coco\train\N_1048_JPG_JPG.rf.09d43734ba6e01548713f0f5ae948211.jpg,1,1,0,0
train,213,fp_train_0318.jpg,train,P_2203_jpg.rf.cf5a8a8d5c2053469fd88f8fcb229009.jpg,new_dataset\Final Project.v1i.coco\train\P_2203_jpg.rf.cf5a8a8d5c2053469fd88f8fcb229009.jpg,0,0,0,0
valid,214,fp_valid_0079.jpg,train,N_1075_JPG_JPG.rf.aa840c0be9196c813872ae301d240c25.jpg,new_dataset\Final Project.v1i.coco\train\N_1075_JPG_JPG.rf.aa840c0be9196c813872ae301d240c25.jpg,1,0,0,0
valid,215,fp_valid_0080.jpg,train,N_1027_JPG_JPG.rf.5cbf022d3c5e5a992f1fa390fc81db8b.jpg,new_dataset\Final Project.v1i.coco\train\N_1027_JPG_JPG.rf.5cbf022d3c5e5a992f1fa390fc81db8b.jpg,1,1,0,1
train,216,fp_train_0319.jpg,train,2_18_jpg.rf.380bc9fe1949b34eedc0dc32c6b0c2b3.jpg,new_dataset\Final Project.v1i.coco\train\2_18_jpg.rf.380bc9fe1949b34eedc0dc32c6b0c2b3.jpg,0,1,0,0
train,217,fp_train_0320.jpg,train,P_2250_jpg.rf.792e5607fbfc365f6df01ceb97f0420f.jpg,new_dataset\Final Project.v1i.coco\train\P_2250_jpg.rf.792e5607fbfc365f6df01ceb97f0420f.jpg,0,0,0,0
valid,218,fp_valid_0081.jpg,train,6_jpg.rf.af0a7c9e31f017759c4d258a0da932eb.jpg,new_dataset\Final Project.v1i.coco\train\6_jpg.rf.af0a7c9e31f017759c4d258a0da932eb.jpg,0,0,0,0
train,219,fp_train_0321.jpg,train,N_1073_JPG_JPG.rf.d152c75e3fb5fce365058e1a0a685117.jpg,new_dataset\Final Project.v1i.coco\train\N_1073_JPG_JPG.rf.d152c75e3fb5fce365058e1a0a685117.jpg,0,0,1,0
train,220,fp_train_0322.jpg,train,P_2085_jpg.rf.4d063d2b32855778417179d504cb6ad7.jpg,new_dataset\Final Project.v1i.coco\train\P_2085_jpg.rf.4d063d2b32855778417179d504cb6ad7.jpg,0,0,0,1
test,221,fp_test_0058.jpg,train,174_jpg.rf.1cf083a844ac37eabb7d49e3aa697208.jpg,new_dataset\Final Project.v1i.coco\train\174_jpg.rf.1cf083a844ac37eabb7d49e3aa697208.jpg,0,1,0,1
train,222,fp_train_0323.jpg,train,samsung_78_jpg.rf.ed9e48c0b0fced9d191ea54070e70b29.jpg,new_dataset\Final Project.v1i.coco\train\samsung_78_jpg.rf.ed9e48c0b0fced9d191ea54070e70b29.jpg,0,0,0,1
train,223,fp_train_0324.jpg,train,samsung_4_jpg.rf.fff48a78d53dee891af82d034cafe751.jpg,new_dataset\Final Project.v1i.coco\train\samsung_4_jpg.rf.fff48a78d53dee891af82d034cafe751.jpg,1,0,0,0
train,224,fp_train_0325.jpg,train,N_10002_JPG_JPG.rf.46d76d93c86725f0ce6ddb5f668e46a0.jpg,new_dataset\Final Project.v1i.coco\train\N_10002_JPG_JPG.rf.46d76d93c86725f0ce6ddb5f668e46a0.jpg,1,0,1,1
train,225,fp_train_0326.jpg,train,P_2152_jpg.rf.8c19328a51ac3b22e17a5fc2c1506062.jpg,new_dataset\Final Project.v1i.coco\train\P_2152_jpg.rf.8c19328a51ac3b22e17a5fc2c1506062.jpg,0,0,0,0
train,226,fp_train_0327.jpg,train,N_1077_JPG_JPG.rf.a1b9ede77be6559982e41b730544e47a.jpg,new_dataset\Final Project.v1i.coco\train\N_1077_JPG_JPG.rf.a1b9ede77be6559982e41b730544e47a.jpg,1,0,0,0
test,227,fp_test_0059.jpg,train,N_1074_JPG_JPG.rf.c7e8c958f29957409c1538efd504b62a.jpg,new_dataset\Final Project.v1i.coco\train\N_1074_JPG_JPG.rf.c7e8c958f29957409c1538efd504b62a.jpg,0,0,1,0
valid,228,fp_valid_0082.jpg,train,P_2042_jpg.rf.14fac4b5b6bb76e50249821fbe5a401d.jpg,new_dataset\Final Project.v1i.coco\train\P_2042_jpg.rf.14fac4b5b6bb76e50249821fbe5a401d.jpg,1,1,0,1
train,229,fp_train_0328.jpg,train,2_22_jpg.rf.98f73dba9f8270ea46dc935eecf9a7cc.jpg,new_dataset\Final Project.v1i.coco\train\2_22_jpg.rf.98f73dba9f8270ea46dc935eecf9a7cc.jpg,1,1,0,0
train,230,fp_train_0329.jpg,train,N_10072_JPG_JPG.rf.8c48006d6ba1a22c8b4123d6d50ea7fa.jpg,new_dataset\Final Project.v1i.coco\train\N_10072_JPG_JPG.rf.8c48006d6ba1a22c8b4123d6d50ea7fa.jpg,0,1,0,1
train,231,fp_train_0330.jpg,train,120_jpg.rf.a5538b04e71455630281023f0b5dbb4c.jpg,new_dataset\Final Project.v1i.coco\train\120_jpg.rf.a5538b04e71455630281023f0b5dbb4c.jpg,0,0,0,1
test,232,fp_test_0060.jpg,train,P_2234_jpg.rf.3d0cb477f66a7b3e2702c7dff7384c77.jpg,new_dataset\Final Project.v1i.coco\train\P_2234_jpg.rf.3d0cb477f66a7b3e2702c7dff7384c77.jpg,0,0,0,1
valid,233,fp_valid_0083.jpg,train,samsung_42_jpg.rf.edfb2e6609c448838b44de94fdee8ba4.jpg,new_dataset\Final Project.v1i.coco\train\samsung_42_jpg.rf.edfb2e6609c448838b44de94fdee8ba4.jpg,1,0,0,0
train,234,fp_train_0331.jpg,train,N_1063_JPG_JPG.rf.21134e742eab4725f91c4723f92d1a7b.jpg,new_dataset\Final Project.v1i.coco\train\N_1063_JPG_JPG.rf.21134e742eab4725f91c4723f92d1a7b.jpg,1,0,0,1
train,235,fp_train_0332.jpg,train,samsung_43_jpg.rf.1bc7b99f978451bfb07a7358d5fc02e2.jpg,new_dataset\Final Project.v1i.coco\train\samsung_43_jpg.rf.1bc7b99f978451bfb07a7358d5fc02e2.jpg,1,0,0,1
train,236,fp_train_0333.jpg,train,N_10075_JPG_JPG.rf.6e0c834a20afdd42e8880557b617189a.jpg,new_dataset\Final Project.v1i.coco\train\N_10075_JPG_JPG.rf.6e0c834a20afdd42e8880557b617189a.jpg,1,0,0,0
train,237,fp_train_0334.jpg,train,samsung_46_jpg.rf.8bfcae7a7d913945f740183a1157d978.jpg,new_dataset\Final Project.v1i.coco\train\samsung_46_jpg.rf.8bfcae7a7d913945f740183a1157d978.jpg,0,0,0,1
train,238,fp_train_0335.jpg,train,P_2037_jpg.rf.e34be4ecf524fa46f8671f7b55dc21f8.jpg,new_dataset\Final Project.v1i.coco\train\P_2037_jpg.rf.e34be4ecf524fa46f8671f7b55dc21f8.jpg,0,1,0,1
train,239,fp_train_0336.jpg,train,P_2202_jpg.rf.66809c1bcad2f494af192d293b3a5b73.jpg,new_dataset\Final Project.v1i.coco\train\P_2202_jpg.rf.66809c1bcad2f494af192d293b3a5b73.jpg,0,1,1,0
train,240,fp_train_0337.jpg,train,P_2100_jpg.rf.8ad551bc04e72c1534e3dd94e1069aff.jpg,new_dataset\Final Project.v1i.coco\train\P_2100_jpg.rf.8ad551bc04e72c1534e3dd94e1069aff.jpg,0,1,0,1
test,241,fp_test_0061.jpg,train,2_80_jpg.rf.ac6c213d031bc74ae9e5592bfac25a19.jpg,new_dataset\Final Project.v1i.coco\train\2_80_jpg.rf.ac6c213d031bc74ae9e5592bfac25a19.jpg,1,1,0,1
train,242,fp_train_0338.jpg,train,samsung_85_jpg.rf.37572c6016c5ade7093c62ec4f0a8470.jpg,new_dataset\Final Project.v1i.coco\train\samsung_85_jpg.rf.37572c6016c5ade7093c62ec4f0a8470.jpg,1,0,0,0
train,243,fp_train_0339.jpg,train,133_jpg.rf.055de7d491c598c97102a243de5452cb.jpg,new_dataset\Final Project.v1i.coco\train\133_jpg.rf.055de7d491c598c97102a243de5452cb.jpg,0,0,0,0
train,243,fp_train_0340.jpg,train,139_jpg.rf.bbacdf4a11f0032dd7d2cf25f64a0202.jpg,new_dataset\Final Project.v1i.coco\train\139_jpg.rf.bbacdf4a11f0032dd7d2cf25f64a0202.jpg,0,0,0,0
train,243,fp_train_0341.jpg,train,132_jpg.rf.9d6c6dae4ef191e41e6a1b7b201dace6.jpg,new_dataset\Final Project.v1i.coco\train\132_jpg.rf.9d6c6dae4ef191e41e6a1b7b201dace6.jpg,0,0,1,0
train,243,fp_train_0342.jpg,valid,123_jpg.rf.91d3393a8077fa47010a860b3b8afd87.jpg,new_dataset\Final Project.v1i.coco\valid\123_jpg.rf.91d3393a8077fa47010a860b3b8afd87.jpg,0,0,1,0
train,243,fp_train_0343.jpg,test,137_jpg.rf.a9aef31077df798a1814ae86a1fe059b.jpg,new_dataset\Final Project.v1i.coco\test\137_jpg.rf.a9aef31077df798a1814ae86a1fe059b.jpg,0,0,0,0
train,243,fp_train_0344.jpg,test,131_jpg.rf.82e5b81c10954fb8958ea9a24c30e05f.jpg,new_dataset\Final Project.v1i.coco\test\131_jpg.rf.82e5b81c10954fb8958ea9a24c30e05f.jpg,0,0,0,0
train,244,fp_train_0345.jpg,train,N_1083_JPG_JPG.rf.3610f78ddcd005416b6f0d1231d8631e.jpg,new_dataset\Final Project.v1i.coco\train\N_1083_JPG_JPG.rf.3610f78ddcd005416b6f0d1231d8631e.jpg,0,0,0,0
train,245,fp_train_0346.jpg,train,P_2090_jpg.rf.6ca2107cd9bd26f357bf59548238c04f.jpg,new_dataset\Final Project.v1i.coco\train\P_2090_jpg.rf.6ca2107cd9bd26f357bf59548238c04f.jpg,0,1,0,0
train,246,fp_train_0347.jpg,train,7_jpg.rf.09ca8397ef723670142ff451464df5b7.jpg,new_dataset\Final Project.v1i.coco\train\7_jpg.rf.09ca8397ef723670142ff451464df5b7.jpg,1,0,0,0
train,247,fp_train_0348.jpg,train,N_10021_JPG_JPG.rf.2019977b7d22e52ab101bb0c5267a662.jpg,new_dataset\Final Project.v1i.coco\train\N_10021_JPG_JPG.rf.2019977b7d22e52ab101bb0c5267a662.jpg,1,1,0,0
train,248,fp_train_0349.jpg,train,samsung_80_jpg.rf.537adcbb831c2cab312bb606eaf87385.jpg,new_dataset\Final Project.v1i.coco\train\samsung_80_jpg.rf.537adcbb831c2cab312bb606eaf87385.jpg,1,1,0,0
train,249,fp_train_0350.jpg,train,N_10010_JPG_JPG.rf.4a642c40486c6d119e34f9fbe32c4b75.jpg,new_dataset\Final Project.v1i.coco\train\N_10010_JPG_JPG.rf.4a642c40486c6d119e34f9fbe32c4b75.jpg,1,0,1,1
valid,250,fp_valid_0084.jpg,train,38_jpg.rf.37d243ac06e78a43b25b6712f10fb80c.jpg,new_dataset\Final Project.v1i.coco\train\38_jpg.rf.37d243ac06e78a43b25b6712f10fb80c.jpg,0,0,0,0
valid,250,fp_valid_0085.jpg,valid,40_jpg.rf.f0adcfa9b4510c9734b0e9ccff43db09.jpg,new_dataset\Final Project.v1i.coco\valid\40_jpg.rf.f0adcfa9b4510c9734b0e9ccff43db09.jpg,0,0,0,1
test,251,fp_test_0062.jpg,train,N_10069_JPG_JPG.rf.dd04f52550541004e55b0a8b3ffded8c.jpg,new_dataset\Final Project.v1i.coco\train\N_10069_JPG_JPG.rf.dd04f52550541004e55b0a8b3ffded8c.jpg,1,0,0,1
train,252,fp_train_0351.jpg,train,P_2160_jpg.rf.c80d7e2790e10de0e9f5da1ec3bf4785.jpg,new_dataset\Final Project.v1i.coco\train\P_2160_jpg.rf.c80d7e2790e10de0e9f5da1ec3bf4785.jpg,0,0,0,1
train,253,fp_train_0352.jpg,train,N_1092_JPG_JPG.rf.32ca628406a1a5b39d366f95d57e3529.jpg,new_dataset\Final Project.v1i.coco\train\N_1092_JPG_JPG.rf.32ca628406a1a5b39d366f95d57e3529.jpg,1,1,0,1
train,254,fp_train_0353.jpg,train,N_1057_JPG_JPG.rf.bbcaff6309b59fb176930044549e758d.jpg,new_dataset\Final Project.v1i.coco\train\N_1057_JPG_JPG.rf.bbcaff6309b59fb176930044549e758d.jpg,0,0,0,1
train,255,fp_train_0354.jpg,train,P_2195_jpg.rf.28eb3ca6efaf9bea32125b210e0c3810.jpg,new_dataset\Final Project.v1i.coco\train\P_2195_jpg.rf.28eb3ca6efaf9bea32125b210e0c3810.jpg,0,0,0,0
valid,256,fp_valid_0086.jpg,train,samsung_19_jpg.rf.3aa3d1aec0bf55b06c3e6bb0230b3dec.jpg,new_dataset\Final Project.v1i.coco\train\samsung_19_jpg.rf.3aa3d1aec0bf55b06c3e6bb0230b3dec.jpg,1,1,0,0
train,257,fp_train_0355.jpg,train,N_1086_JPG_JPG.rf.55d13d475f4eeb6f947179df4c777197.jpg,new_dataset\Final Project.v1i.coco\train\N_1086_JPG_JPG.rf.55d13d475f4eeb6f947179df4c777197.jpg,1,0,1,0
valid,258,fp_valid_0087.jpg,train,N_1024_JPG_JPG.rf.ff3c1c2c21175c268265bf36cc74a33f.jpg,new_dataset\Final Project.v1i.coco\train\N_1024_JPG_JPG.rf.ff3c1c2c21175c268265bf36cc74a33f.jpg,1,0,0,0
train,259,fp_train_0356.jpg,train,P_2001_jpg.rf.7b16c815faae0c12abe31da4ff85eae5.jpg,new_dataset\Final Project.v1i.coco\train\P_2001_jpg.rf.7b16c815faae0c12abe31da4ff85eae5.jpg,0,1,0,0
train,260,fp_train_0357.jpg,train,4_jpg.rf.27c276aef208fa1fd9b42b3b88ae7790.jpg,new_dataset\Final Project.v1i.coco\train\4_jpg.rf.27c276aef208fa1fd9b42b3b88ae7790.jpg,0,0,0,0
train,261,fp_train_0358.jpg,train,P_2122_jpg.rf.d9e1b28e246f76afa3dff01c188a46dd.jpg,new_dataset\Final Project.v1i.coco\train\P_2122_jpg.rf.d9e1b28e246f76afa3dff01c188a46dd.jpg,1,0,0,0
train,262,fp_train_0359.jpg,train,N_10025_JPG_JPG.rf.a10ba94ec144ea71927d1abc34c44494.jpg,new_dataset\Final Project.v1i.coco\train\N_10025_JPG_JPG.rf.a10ba94ec144ea71927d1abc34c44494.jpg,1,0,0,1
train,263,fp_train_0360.jpg,train,samsung_24_jpg.rf.3ae717aebb10ef5871cad1e4e776b28d.jpg,new_dataset\Final Project.v1i.coco\train\samsung_24_jpg.rf.3ae717aebb10ef5871cad1e4e776b28d.jpg,1,0,1,0
train,264,fp_train_0361.jpg,train,P_2188_jpg.rf.435d50fff72f1d2f00798dc6348f403b.jpg,new_dataset\Final Project.v1i.coco\train\P_2188_jpg.rf.435d50fff72f1d2f00798dc6348f403b.jpg,0,1,0,0
train,265,fp_train_0362.jpg,train,samsung_15_jpg.rf.2cb7618d2ce85ab882113db28ffa9257.jpg,new_dataset\Final Project.v1i.coco\train\samsung_15_jpg.rf.2cb7618d2ce85ab882113db28ffa9257.jpg,1,0,1,0
train,266,fp_train_0363.jpg,train,P_2216_jpg.rf.c1deea403568538e358a399d01cf5809.jpg,new_dataset\Final Project.v1i.coco\train\P_2216_jpg.rf.c1deea403568538e358a399d01cf5809.jpg,0,0,0,0
train,267,fp_train_0364.jpg,train,P_2255_jpg.rf.c4a6c8c5013794c5c3a64532a3386c83.jpg,new_dataset\Final Project.v1i.coco\train\P_2255_jpg.rf.c4a6c8c5013794c5c3a64532a3386c83.jpg,0,1,1,1
train,268,fp_train_0365.jpg,train,P_2077_jpg.rf.70a72fa6435226f0a3d70e1fc1bc6b60.jpg,new_dataset\Final Project.v1i.coco\train\P_2077_jpg.rf.70a72fa6435226f0a3d70e1fc1bc6b60.jpg,0,0,0,1
test,269,fp_test_0063.jpg,train,N_1017_JPG_JPG.rf.a650a7af37a9b485d1b306c10e0e16ef.jpg,new_dataset\Final Project.v1i.coco\train\N_1017_JPG_JPG.rf.a650a7af37a9b485d1b306c10e0e16ef.jpg,1,0,0,1
train,270,fp_train_0366.jpg,train,N_10018_JPG_JPG.rf.0910b2837f32ecde2f2762cad3c6b01b.jpg,new_dataset\Final Project.v1i.coco\train\N_10018_JPG_JPG.rf.0910b2837f32ecde2f2762cad3c6b01b.jpg,1,1,1,1
train,271,fp_train_0367.jpg,train,P_2241_jpg.rf.567150a237e53feb1d085ec16741bc30.jpg,new_dataset\Final Project.v1i.coco\train\P_2241_jpg.rf.567150a237e53feb1d085ec16741bc30.jpg,1,0,0,0
valid,272,fp_valid_0088.jpg,train,P_2212_jpg.rf.52fe2d8923c7968f308f0e128dce0605.jpg,new_dataset\Final Project.v1i.coco\train\P_2212_jpg.rf.52fe2d8923c7968f308f0e128dce0605.jpg,0,1,0,0
train,273,fp_train_0368.jpg,train,samsung_69_jpg.rf.61c4eca3dfc7d1274fe738447eeb3d58.jpg,new_dataset\Final Project.v1i.coco\train\samsung_69_jpg.rf.61c4eca3dfc7d1274fe738447eeb3d58.jpg,1,0,0,0
test,274,fp_test_0064.jpg,train,P_2093_jpg.rf.9a18d9bf86b19b13ac136f06aff00a44.jpg,new_dataset\Final Project.v1i.coco\train\P_2093_jpg.rf.9a18d9bf86b19b13ac136f06aff00a44.jpg,0,1,0,0
valid,275,fp_valid_0089.jpg,train,72_jpg.rf.8685fb709e484e8d2fe07cbd58f47eee.jpg,new_dataset\Final Project.v1i.coco\train\72_jpg.rf.8685fb709e484e8d2fe07cbd58f47eee.jpg,0,1,0,0
valid,275,fp_valid_0090.jpg,train,71_jpg.rf.388fa863484f1904e8611a7e9e98892c.jpg,new_dataset\Final Project.v1i.coco\train\71_jpg.rf.388fa863484f1904e8611a7e9e98892c.jpg,0,1,0,0
valid,275,fp_valid_0091.jpg,train,70_jpg.rf.0484a1a8eb8c2e672c9725d6e053502e.jpg,new_dataset\Final Project.v1i.coco\train\70_jpg.rf.0484a1a8eb8c2e672c9725d6e053502e.jpg,0,1,0,0
valid,275,fp_valid_0092.jpg,train,76_jpg.rf.13178b98b0527c66a2ae8f07acc8b864.jpg,new_dataset\Final Project.v1i.coco\train\76_jpg.rf.13178b98b0527c66a2ae8f07acc8b864.jpg,0,0,0,0
train,276,fp_train_0369.jpg,train,samsung_52_jpg.rf.203988df24b00f9326cffb0f8f187730.jpg,new_dataset\Final Project.v1i.coco\train\samsung_52_jpg.rf.203988df24b00f9326cffb0f8f187730.jpg,1,1,0,0
test,277,fp_test_0065.jpg,train,N_1023_JPG_JPG.rf.2c505f25a249247f2e2898213ab22edd.jpg,new_dataset\Final Project.v1i.coco\train\N_1023_JPG_JPG.rf.2c505f25a249247f2e2898213ab22edd.jpg,1,0,0,1
train,278,fp_train_0370.jpg,train,P_2174_jpg.rf.49f2542b029a35bec458f38577361d92.jpg,new_dataset\Final Project.v1i.coco\train\P_2174_jpg.rf.49f2542b029a35bec458f38577361d92.jpg,1,1,1,1
train,279,fp_train_0371.jpg,train,2_29_jpg.rf.7323fa5ec137f03ceac6ef69baf47258.jpg,new_dataset\Final Project.v1i.coco\train\2_29_jpg.rf.7323fa5ec137f03ceac6ef69baf47258.jpg,0,0,0,0
valid,280,fp_valid_0093.jpg,train,77_jpg.rf.e71e366b060a0c6e18f051e0704470bc.jpg,new_dataset\Final Project.v1i.coco\train\77_jpg.rf.e71e366b060a0c6e18f051e0704470bc.jpg,0,0,0,1
train,281,fp_train_0372.jpg,train,P_2068_jpg.rf.3806e45407601e247bded23fb0e1a720.jpg,new_dataset\Final Project.v1i.coco\train\P_2068_jpg.rf.3806e45407601e247bded23fb0e1a720.jpg,1,0,0,1
test,282,fp_test_0066.jpg,train,2_92_jpg.rf.194841e735064bef3c9e89ae32929182.jpg,new_dataset\Final Project.v1i.coco\train\2_92_jpg.rf.194841e735064bef3c9e89ae32929182.jpg,0,1,0,0
train,283,fp_train_0373.jpg,train,N_10033_JPG_JPG.rf.1888da14123c728dd5b93f6148f098b6.jpg,new_dataset\Final Project.v1i.coco\train\N_10033_JPG_JPG.rf.1888da14123c728dd5b93f6148f098b6.jpg,1,0,1,1
train,284,fp_train_0374.jpg,train,P_2267_jpg.rf.54a144d8d127a0b928604075887be8b3.jpg,new_dataset\Final Project.v1i.coco\train\P_2267_jpg.rf.54a144d8d127a0b928604075887be8b3.jpg,0,0,0,0
train,285,fp_train_0375.jpg,train,samsung_14_jpg.rf.8ab8aafa7a75aac226a3b6b4ac169613.jpg,new_dataset\Final Project.v1i.coco\train\samsung_14_jpg.rf.8ab8aafa7a75aac226a3b6b4ac169613.jpg,0,0,1,0
test,286,fp_test_0067.jpg,train,P_2030_jpg.rf.c1c25ea86b5024331ab856158ef734ed.jpg,new_dataset\Final Project.v1i.coco\train\P_2030_jpg.rf.c1c25ea86b5024331ab856158ef734ed.jpg,1,1,0,0
valid,287,fp_valid_0094.jpg,train,N_1022_JPG_JPG.rf.84930c408a84985241ed621f0f4f13d8.jpg,new_dataset\Final Project.v1i.coco\train\N_1022_JPG_JPG.rf.84930c408a84985241ed621f0f4f13d8.jpg,1,0,0,1
test,288,fp_test_0068.jpg,train,30_jpg.rf.e7e7d755408067a7737216cd1935ebda.jpg,new_dataset\Final Project.v1i.coco\train\30_jpg.rf.e7e7d755408067a7737216cd1935ebda.jpg,1,0,0,0
test,288,fp_test_0069.jpg,valid,28_jpg.rf.438feaa016d9e8d875a4786614893173.jpg,new_dataset\Final Project.v1i.coco\valid\28_jpg.rf.438feaa016d9e8d875a4786614893173.jpg,0,0,0,0
test,288,fp_test_0070.jpg,test,29_jpg.rf.4d393d593fb548704e9e52e722476b1f.jpg,new_dataset\Final Project.v1i.coco\test\29_jpg.rf.4d393d593fb548704e9e52e722476b1f.jpg,0,0,0,0
train,289,fp_train_0376.jpg,train,P_2135_jpg.rf.b68e48cd2c61c477e44f27baa767e3b5.jpg,new_dataset\Final Project.v1i.coco\train\P_2135_jpg.rf.b68e48cd2c61c477e44f27baa767e3b5.jpg,1,1,0,1
train,290,fp_train_0377.jpg,train,N_10023_JPG_JPG.rf.9772b9fd1e574eaa6973388fb860bcda.jpg,new_dataset\Final Project.v1i.coco\train\N_10023_JPG_JPG.rf.9772b9fd1e574eaa6973388fb860bcda.jpg,0,0,0,0
valid,291,fp_valid_0095.jpg,train,samsung_35_jpg.rf.c11104b45c511ad8f8adb9925619dc8a.jpg,new_dataset\Final Project.v1i.coco\train\samsung_35_jpg.rf.c11104b45c511ad8f8adb9925619dc8a.jpg,1,0,0,1
train,292,fp_train_0378.jpg,train,P_2044_jpg.rf.8b6596ac99993f58e42c23cb26b1570d.jpg,new_dataset\Final Project.v1i.coco\train\P_2044_jpg.rf.8b6596ac99993f58e42c23cb26b1570d.jpg,1,1,0,1
train,293,fp_train_0379.jpg,train,68_jpg.rf.067ce14be397a28db75869b0fcdb951e.jpg,new_dataset\Final Project.v1i.coco\train\68_jpg.rf.067ce14be397a28db75869b0fcdb951e.jpg,0,1,0,0
valid,294,fp_valid_0096.jpg,train,P_2248_jpg.rf.2f5abefc8fc79cc4f982842edd8a8430.jpg,new_dataset\Final Project.v1i.coco\train\P_2248_jpg.rf.2f5abefc8fc79cc4f982842edd8a8430.jpg,0,1,0,0
train,295,fp_train_0380.jpg,train,2_43_jpg.rf.602e08e361237773eb14dce6d24e3979.jpg,new_dataset\Final Project.v1i.coco\train\2_43_jpg.rf.602e08e361237773eb14dce6d24e3979.jpg,0,0,0,0
train,296,fp_train_0381.jpg,train,P_2183_jpg.rf.c348691394bf65b414e708d1f84d8b61.jpg,new_dataset\Final Project.v1i.coco\train\P_2183_jpg.rf.c348691394bf65b414e708d1f84d8b61.jpg,0,1,0,1
train,297,fp_train_0382.jpg,train,P_2060_jpg.rf.5ffa3853d1050065e5eac9af3c2157b0.jpg,new_dataset\Final Project.v1i.coco\train\P_2060_jpg.rf.5ffa3853d1050065e5eac9af3c2157b0.jpg,1,1,0,1
train,298,fp_train_0383.jpg,train,196_jpg.rf.04a0faa8f569ada53584ba548ffda477.jpg,new_dataset\Final Project.v1i.coco\train\196_jpg.rf.04a0faa8f569ada53584ba548ffda477.jpg,0,0,0,0
train,298,fp_train_0384.jpg,train,211_jpg.rf.d39f0ef6a124db5a489fb9fb3ac3efc9.jpg,new_dataset\Final Project.v1i.coco\train\211_jpg.rf.d39f0ef6a124db5a489fb9fb3ac3efc9.jpg,0,0,1,0
train,299,fp_train_0385.jpg,train,P_2180_jpg.rf.56fbda74cb639b0b7ab141791b05a42f.jpg,new_dataset\Final Project.v1i.coco\train\P_2180_jpg.rf.56fbda74cb639b0b7ab141791b05a42f.jpg,0,1,0,0
train,300,fp_train_0386.jpg,train,N_1080_JPG_JPG.rf.32dfc06fd89b4cc13cff3041ca972ba6.jpg,new_dataset\Final Project.v1i.coco\train\N_1080_JPG_JPG.rf.32dfc06fd89b4cc13cff3041ca972ba6.jpg,0,0,1,0
train,301,fp_train_0387.jpg,train,P_2264_jpg.rf.b81eacbc4bb095c2f71a8615f742b444.jpg,new_dataset\Final Project.v1i.coco\train\P_2264_jpg.rf.b81eacbc4bb095c2f71a8615f742b444.jpg,0,0,0,0
test,302,fp_test_0071.jpg,train,P_2184_jpg.rf.a8253e8932cec23feb3d8eb56f625518.jpg,new_dataset\Final Project.v1i.coco\train\P_2184_jpg.rf.a8253e8932cec23feb3d8eb56f625518.jpg,1,0,0,0
train,303,fp_train_0388.jpg,train,2_121_jpg.rf.46d9d30dac1ca25ce5cd538758f1fa9d.jpg,new_dataset\Final Project.v1i.coco\train\2_121_jpg.rf.46d9d30dac1ca25ce5cd538758f1fa9d.jpg,0,1,0,1
test,304,fp_test_0072.jpg,train,N_10050_JPG_JPG.rf.b450bd5da2f7186a073d87c5188f17cc.jpg,new_dataset\Final Project.v1i.coco\train\N_10050_JPG_JPG.rf.b450bd5da2f7186a073d87c5188f17cc.jpg,0,0,0,0
train,305,fp_train_0389.jpg,train,P_2178_jpg.rf.6b218ed51998b763e1ea60819b506c9c.jpg,new_dataset\Final Project.v1i.coco\train\P_2178_jpg.rf.6b218ed51998b763e1ea60819b506c9c.jpg,0,1,0,0
train,306,fp_train_0390.jpg,train,N_10008_JPG_JPG.rf.dd432cf063556c571bc8bff3e8b9dd4b.jpg,new_dataset\Final Project.v1i.coco\train\N_10008_JPG_JPG.rf.dd432cf063556c571bc8bff3e8b9dd4b.jpg,1,1,0,0
train,307,fp_train_0391.jpg,train,62_jpg.rf.1958f810e67656a3dd784c2c90a39cce.jpg,new_dataset\Final Project.v1i.coco\train\62_jpg.rf.1958f810e67656a3dd784c2c90a39cce.jpg,0,0,0,0
valid,308,fp_valid_0097.jpg,train,N_1064_JPG_JPG.rf.5ece0136003644a46d9093db3ecb1ae7.jpg,new_dataset\Final Project.v1i.coco\train\N_1064_JPG_JPG.rf.5ece0136003644a46d9093db3ecb1ae7.jpg,1,0,0,0
train,309,fp_train_0392.jpg,train,N_1068_JPG_JPG.rf.9bf723d0fe8aac74fc0995a7099a8c28.jpg,new_dataset\Final Project.v1i.coco\train\N_1068_JPG_JPG.rf.9bf723d0fe8aac74fc0995a7099a8c28.jpg,1,0,0,0
train,310,fp_train_0393.jpg,train,P_2238_jpg.rf.66ce4ed6c840111aac1dd512b6f9a51e.jpg,new_dataset\Final Project.v1i.coco\train\P_2238_jpg.rf.66ce4ed6c840111aac1dd512b6f9a51e.jpg,1,0,1,1
train,311,fp_train_0394.jpg,train,P_2223_jpg.rf.a4ba702ba8c15cdd1fafb297f92db0b7.jpg,new_dataset\Final Project.v1i.coco\train\P_2223_jpg.rf.a4ba702ba8c15cdd1fafb297f92db0b7.jpg,0,1,1,1
valid,312,fp_valid_0098.jpg,train,P_2021_jpg.rf.18dd403a7a95f915cd99b2a78624bc8c.jpg,new_dataset\Final Project.v1i.coco\train\P_2021_jpg.rf.18dd403a7a95f915cd99b2a78624bc8c.jpg,1,1,0,1
train,313,fp_train_0395.jpg,train,2_148_jpg.rf.8da7c9ca0d25a1951a4889abb5beea42.jpg,new_dataset\Final Project.v1i.coco\train\2_148_jpg.rf.8da7c9ca0d25a1951a4889abb5beea42.jpg,0,1,0,1
train,313,fp_train_0396.jpg,valid,2_141_jpg.rf.ebcaedd66d6b042d45994ece6e6fc144.jpg,new_dataset\Final Project.v1i.coco\valid\2_141_jpg.rf.ebcaedd66d6b042d45994ece6e6fc144.jpg,1,1,0,0
train,314,fp_train_0397.jpg,train,N_1038_JPG_JPG.rf.c64a071b8d9112bb0f2398bc5a814185.jpg,new_dataset\Final Project.v1i.coco\train\N_1038_JPG_JPG.rf.c64a071b8d9112bb0f2398bc5a814185.jpg,1,0,0,1
valid,315,fp_valid_0099.jpg,train,2_19_jpg.rf.55c05e66ae2dfc764836fd98ac915ed1.jpg,new_dataset\Final Project.v1i.coco\train\2_19_jpg.rf.55c05e66ae2dfc764836fd98ac915ed1.jpg,1,0,0,1
train,316,fp_train_0398.jpg,train,P_2079_jpg.rf.3c7296157d5b03c09dcb7f84f27424a3.jpg,new_dataset\Final Project.v1i.coco\train\P_2079_jpg.rf.3c7296157d5b03c09dcb7f84f27424a3.jpg,0,0,0,0
train,317,fp_train_0399.jpg,train,P_2260_jpg.rf.63ed9b73a8f0ea1f52ba004da9a9b6e7.jpg,new_dataset\Final Project.v1i.coco\train\P_2260_jpg.rf.63ed9b73a8f0ea1f52ba004da9a9b6e7.jpg,1,0,0,0
train,318,fp_train_0400.jpg,train,P_2128_jpg.rf.4a4efa536703e880d2ee1270d89079b3.jpg,new_dataset\Final Project.v1i.coco\train\P_2128_jpg.rf.4a4efa536703e880d2ee1270d89079b3.jpg,1,1,0,1
valid,319,fp_valid_0100.jpg,train,P_2082_jpg.rf.4f7685bc632bd17f8a10400b9d68da16.jpg,new_dataset\Final Project.v1i.coco\train\P_2082_jpg.rf.4f7685bc632bd17f8a10400b9d68da16.jpg,0,0,0,0
train,320,fp_train_0401.jpg,train,63_jpg.rf.9211e78750bd9209d4c1c32ac3e312cf.jpg,new_dataset\Final Project.v1i.coco\train\63_jpg.rf.9211e78750bd9209d4c1c32ac3e312cf.jpg,0,0,0,0
test,321,fp_test_0073.jpg,train,P_2092_jpg.rf.a9ce69c5a925eec084fb90cf022e47b0.jpg,new_dataset\Final Project.v1i.coco\train\P_2092_jpg.rf.a9ce69c5a925eec084fb90cf022e47b0.jpg,1,1,0,1
train,322,fp_train_0402.jpg,train,N_10063_JPG_JPG.rf.8fd46eb5203e45792a0bfac8df528564.jpg,new_dataset\Final Project.v1i.coco\train\N_10063_JPG_JPG.rf.8fd46eb5203e45792a0bfac8df528564.jpg,1,0,0,0
train,323,fp_train_0403.jpg,train,26_jpg.rf.d310175864b47fd19b19ab983f191883.jpg,new_dataset\Final Project.v1i.coco\train\26_jpg.rf.d310175864b47fd19b19ab983f191883.jpg,0,0,0,0
valid,324,fp_valid_0101.jpg,train,N_10030_JPG_JPG.rf.7f70a24e58fec4a774e1331feb16b50e.jpg,new_dataset\Final Project.v1i.coco\train\N_10030_JPG_JPG.rf.7f70a24e58fec4a774e1331feb16b50e.jpg,0,0,0,1
train,325,fp_train_0404.jpg,train,N_1032_JPG_JPG.rf.cbc991fa2bc52dbdabde10ab320095e6.jpg,new_dataset\Final Project.v1i.coco\train\N_1032_JPG_JPG.rf.cbc991fa2bc52dbdabde10ab320095e6.jpg,1,1,0,1
train,326,fp_train_0405.jpg,train,P_2033_jpg.rf.c3499f8c08e239d0b088343fee9b94ae.jpg,new_dataset\Final Project.v1i.coco\train\P_2033_jpg.rf.c3499f8c08e239d0b088343fee9b94ae.jpg,0,0,0,0
train,327,fp_train_0406.jpg,train,P_2050_jpg.rf.1565e1852cb8a4ef46c8a92e20e2fddf.jpg,new_dataset\Final Project.v1i.coco\train\P_2050_jpg.rf.1565e1852cb8a4ef46c8a92e20e2fddf.jpg,1,1,0,1
train,328,fp_train_0407.jpg,train,samsung_11_jpg.rf.db22c6d6112d5bfb899a3102adc2c244.jpg,new_dataset\Final Project.v1i.coco\train\samsung_11_jpg.rf.db22c6d6112d5bfb899a3102adc2c244.jpg,0,0,0,0
train,329,fp_train_0408.jpg,train,N_1030_JPG_JPG.rf.a4a6034563d331fff34f18bf5447d275.jpg,new_dataset\Final Project.v1i.coco\train\N_1030_JPG_JPG.rf.a4a6034563d331fff34f18bf5447d275.jpg,1,1,0,1
train,330,fp_train_0409.jpg,train,88_jpg.rf.7b46b9a69cea8a4c983012e11c7ae315.jpg,new_dataset\Final Project.v1i.coco\train\88_jpg.rf.7b46b9a69cea8a4c983012e11c7ae315.jpg,0,0,1,0
train,330,fp_train_0410.jpg,valid,89_jpg.rf.aa10ccbed07441b84309fe1340d73099.jpg,new_dataset\Final Project.v1i.coco\valid\89_jpg.rf.aa10ccbed07441b84309fe1340d73099.jpg,0,0,1,0
test,331,fp_test_0074.jpg,train,samsung_66_jpg.rf.a7c3036466e8d8bb3f777259e43d6174.jpg,new_dataset\Final Project.v1i.coco\train\samsung_66_jpg.rf.a7c3036466e8d8bb3f777259e43d6174.jpg,1,0,0,1
valid,332,fp_valid_0102.jpg,train,N_10031_JPG_JPG.rf.a60a7f376305261625ac1ab8945aa99c.jpg,new_dataset\Final Project.v1i.coco\train\N_10031_JPG_JPG.rf.a60a7f376305261625ac1ab8945aa99c.jpg,0,0,0,0
train,333,fp_train_0411.jpg,train,N_10065_JPG_JPG.rf.8cfddf5c230c0a0649737926760c0796.jpg,new_dataset\Final Project.v1i.coco\train\N_10065_JPG_JPG.rf.8cfddf5c230c0a0649737926760c0796.jpg,0,0,0,0
test,334,fp_test_0075.jpg,train,P_2024_jpg.rf.2b9ef46c2725eaa37f4e8a45086cdf2c.jpg,new_dataset\Final Project.v1i.coco\train\P_2024_jpg.rf.2b9ef46c2725eaa37f4e8a45086cdf2c.jpg,1,1,0,1
train,335,fp_train_0412.jpg,train,P_2043_jpg.rf.ff2aa007a37841666d0816cd2f8af7fe.jpg,new_dataset\Final Project.v1i.coco\train\P_2043_jpg.rf.ff2aa007a37841666d0816cd2f8af7fe.jpg,1,1,0,1
train,336,fp_train_0413.jpg,train,N_10014_JPG_JPG.rf.61c471b1371ae553e63f32b65635ec69.jpg,new_dataset\Final Project.v1i.coco\train\N_10014_JPG_JPG.rf.61c471b1371ae553e63f32b65635ec69.jpg,1,0,1,1
test,337,fp_test_0076.jpg,train,N_1085_JPG_JPG.rf.404f8e34b460edfb44f97135277af132.jpg,new_dataset\Final Project.v1i.coco\train\N_1085_JPG_JPG.rf.404f8e34b460edfb44f97135277af132.jpg,1,0,0,1
train,338,fp_train_0414.jpg,train,164_jpg.rf.836d8a8a14786ddd23d86b6e5e6959b9.jpg,new_dataset\Final Project.v1i.coco\train\164_jpg.rf.836d8a8a14786ddd23d86b6e5e6959b9.jpg,0,0,0,1
valid,339,fp_valid_0103.jpg,train,N_1061_JPG_JPG.rf.d2d6ec411e14c1ead059d1267192090b.jpg,new_dataset\Final Project.v1i.coco\train\N_1061_JPG_JPG.rf.d2d6ec411e14c1ead059d1267192090b.jpg,1,0,0,1
test,340,fp_test_0077.jpg,train,samsung_33_jpg.rf.f0be2f1f517116e04885eb1947efac99.jpg,new_dataset\Final Project.v1i.coco\train\samsung_33_jpg.rf.f0be2f1f517116e04885eb1947efac99.jpg,1,0,0,0
train,341,fp_train_0415.jpg,train,10_jpg.rf.2486b6d2a33c50124f42620b2eafce99.jpg,new_dataset\Final Project.v1i.coco\train\10_jpg.rf.2486b6d2a33c50124f42620b2eafce99.jpg,0,0,0,0
train,342,fp_train_0416.jpg,train,P_2040_jpg.rf.436e7810f99b31e92de62fc9dd11c22e.jpg,new_dataset\Final Project.v1i.coco\train\P_2040_jpg.rf.436e7810f99b31e92de62fc9dd11c22e.jpg,1,1,0,1
test,343,fp_test_0078.jpg,train,N_10056_JPG_JPG.rf.1c48a27802fc985af2212278bdf19f5a.jpg,new_dataset\Final Project.v1i.coco\train\N_10056_JPG_JPG.rf.1c48a27802fc985af2212278bdf19f5a.jpg,1,0,0,1
train,344,fp_train_0417.jpg,train,P_2108_jpg.rf.cc80e712f149017fedf310e3d57f369f.jpg,new_dataset\Final Project.v1i.coco\train\P_2108_jpg.rf.cc80e712f149017fedf310e3d57f369f.jpg,1,1,0,1
train,345,fp_train_0418.jpg,train,samsung_79_jpg.rf.f3f3486990927f992b7384ec503bfa2d.jpg,new_dataset\Final Project.v1i.coco\train\samsung_79_jpg.rf.f3f3486990927f992b7384ec503bfa2d.jpg,1,0,0,0
valid,346,fp_valid_0104.jpg,train,P_2197_jpg.rf.d97b5894c5ae5a8c60b99d8c9bb1616c.jpg,new_dataset\Final Project.v1i.coco\train\P_2197_jpg.rf.d97b5894c5ae5a8c60b99d8c9bb1616c.jpg,0,1,0,0
train,347,fp_train_0419.jpg,train,2_98_jpg.rf.a9925c23722c0504316a050af06c53b5.jpg,new_dataset\Final Project.v1i.coco\train\2_98_jpg.rf.a9925c23722c0504316a050af06c53b5.jpg,0,1,0,0
train,347,fp_train_0420.jpg,train,2_96_jpg.rf.35bee1776e781d59475e0c2d39aef4bd.jpg,new_dataset\Final Project.v1i.coco\train\2_96_jpg.rf.35bee1776e781d59475e0c2d39aef4bd.jpg,0,1,0,1
test,348,fp_test_0079.jpg,train,samsung_88_jpg.rf.8d793f8c431769d979963e14dd96b554.jpg,new_dataset\Final Project.v1i.coco\train\samsung_88_jpg.rf.8d793f8c431769d979963e14dd96b554.jpg,0,0,0,0
train,349,fp_train_0421.jpg,train,samsung_23_jpg.rf.592bb353235a29622298511a416fd493.jpg,new_dataset\Final Project.v1i.coco\train\samsung_23_jpg.rf.592bb353235a29622298511a416fd493.jpg,0,0,0,0
train,350,fp_train_0422.jpg,train,N_10029_JPG_JPG.rf.4ed0f6eead39d083ce83703b48968e54.jpg,new_dataset\Final Project.v1i.coco\train\N_10029_JPG_JPG.rf.4ed0f6eead39d083ce83703b48968e54.jpg,1,0,0,1
train,351,fp_train_0423.jpg,train,36_jpg.rf.a769f87625d4cc4354e64b9ff064bca3.jpg,new_dataset\Final Project.v1i.coco\train\36_jpg.rf.a769f87625d4cc4354e64b9ff064bca3.jpg,1,0,0,1
train,352,fp_train_0424.jpg,train,P_2026_jpg.rf.956651f2ffc6f15c749e0e50d0ce04ac.jpg,new_dataset\Final Project.v1i.coco\train\P_2026_jpg.rf.956651f2ffc6f15c749e0e50d0ce04ac.jpg,0,0,0,0
test,353,fp_test_0080.jpg,train,N_1050_JPG_JPG.rf.37ce0e96939a5a8f74cc18a2367ae7ca.jpg,new_dataset\Final Project.v1i.coco\train\N_1050_JPG_JPG.rf.37ce0e96939a5a8f74cc18a2367ae7ca.jpg,1,1,0,1
train,354,fp_train_0425.jpg,train,N_1014_JPG_JPG.rf.9450707ae7bbc6f335ac7674c42bdc1e.jpg,new_dataset\Final Project.v1i.coco\train\N_1014_JPG_JPG.rf.9450707ae7bbc6f335ac7674c42bdc1e.jpg,1,0,0,0
train,355,fp_train_0426.jpg,train,P_2177_jpg.rf.e787d09438e8601a10f9c718122b0ba3.jpg,new_dataset\Final Project.v1i.coco\train\P_2177_jpg.rf.e787d09438e8601a10f9c718122b0ba3.jpg,0,0,0,1
train,356,fp_train_0427.jpg,train,P_2243_jpg.rf.d3de997b844549094f10460bbb9cfc93.jpg,new_dataset\Final Project.v1i.coco\train\P_2243_jpg.rf.d3de997b844549094f10460bbb9cfc93.jpg,0,1,1,0
train,357,fp_train_0428.jpg,train,P_2247_jpg.rf.3e50eeb4d20c9305a89fe52e4c71acc0.jpg,new_dataset\Final Project.v1i.coco\train\P_2247_jpg.rf.3e50eeb4d20c9305a89fe52e4c71acc0.jpg,0,1,0,1
train,358,fp_train_0429.jpg,train,N_1013_JPG_JPG.rf.2cab00f55536d8077035965097b0bc62.jpg,new_dataset\Final Project.v1i.coco\train\N_1013_JPG_JPG.rf.2cab00f55536d8077035965097b0bc62.jpg,0,0,0,0
train,359,fp_train_0430.jpg,train,P_2125_jpg.rf.3dcede252a55a3b61b67bdd02ea6c02e.jpg,new_dataset\Final Project.v1i.coco\train\P_2125_jpg.rf.3dcede252a55a3b61b67bdd02ea6c02e.jpg,1,1,0,1
train,360,fp_train_0431.jpg,train,P_2087_jpg.rf.33647d11f0afd8f947db207859cbb6dd.jpg,new_dataset\Final Project.v1i.coco\train\P_2087_jpg.rf.33647d11f0afd8f947db207859cbb6dd.jpg,0,0,0,1
train,361,fp_train_0432.jpg,train,N_1033_JPG_JPG.rf.f4bfe4e2ff9f3833d2864f24c8b5ea0a.jpg,new_dataset\Final Project.v1i.coco\train\N_1033_JPG_JPG.rf.f4bfe4e2ff9f3833d2864f24c8b5ea0a.jpg,1,1,0,1
valid,362,fp_valid_0105.jpg,train,P_2123_jpg.rf.fd246c1e6ec90322cb296c1aad743ae3.jpg,new_dataset\Final Project.v1i.coco\train\P_2123_jpg.rf.fd246c1e6ec90322cb296c1aad743ae3.jpg,0,0,0,1
valid,363,fp_valid_0106.jpg,train,79_jpg.rf.9a43eac1fec1a7b2d8a4584f8c3ae7fe.jpg,new_dataset\Final Project.v1i.coco\train\79_jpg.rf.9a43eac1fec1a7b2d8a4584f8c3ae7fe.jpg,0,0,0,0
test,364,fp_test_0081.jpg,train,N_1016_JPG_JPG.rf.4e3fb06ab408bffd87165c3b1d4a8ad4.jpg,new_dataset\Final Project.v1i.coco\train\N_1016_JPG_JPG.rf.4e3fb06ab408bffd87165c3b1d4a8ad4.jpg,1,0,0,1
train,365,fp_train_0433.jpg,train,P_2020_jpg.rf.4a1f7a20a172f40f647b827604619924.jpg,new_dataset\Final Project.v1i.coco\train\P_2020_jpg.rf.4a1f7a20a172f40f647b827604619924.jpg,0,1,0,1
train,366,fp_train_0434.jpg,train,P_2110_jpg.rf.f4b3221e393405dba9accb6dc748322c.jpg,new_dataset\Final Project.v1i.coco\train\P_2110_jpg.rf.f4b3221e393405dba9accb6dc748322c.jpg,1,0,0,0
train,367,fp_train_0435.jpg,train,samsung_76_jpg.rf.f05adf4e15a713126ac1b327b261e912.jpg,new_dataset\Final Project.v1i.coco\train\samsung_76_jpg.rf.f05adf4e15a713126ac1b327b261e912.jpg,0,0,0,0
train,368,fp_train_0436.jpg,train,P_2102_jpg.rf.826f8e563a382cc05399302a3cda81db.jpg,new_dataset\Final Project.v1i.coco\train\P_2102_jpg.rf.826f8e563a382cc05399302a3cda81db.jpg,1,0,0,1
train,369,fp_train_0437.jpg,train,2_6_jpg.rf.00f2ad662ab970a3334e6a28152789d9.jpg,new_dataset\Final Project.v1i.coco\train\2_6_jpg.rf.00f2ad662ab970a3334e6a28152789d9.jpg,1,1,0,1
train,369,fp_train_0438.jpg,valid,2_2_jpg.rf.05da19ac3c918a99e293849ee0672d56.jpg,new_dataset\Final Project.v1i.coco\valid\2_2_jpg.rf.05da19ac3c918a99e293849ee0672d56.jpg,1,1,0,1
train,370,fp_train_0439.jpg,train,2_46_jpg.rf.4d34d90e12dbe3690a85a3bc676aba90.jpg,new_dataset\Final Project.v1i.coco\train\2_46_jpg.rf.4d34d90e12dbe3690a85a3bc676aba90.jpg,0,1,1,0
test,371,fp_test_0082.jpg,train,N_10066_JPG_JPG.rf.5882fe80df66bc8ba51e606f9ca480ce.jpg,new_dataset\Final Project.v1i.coco\train\N_10066_JPG_JPG.rf.5882fe80df66bc8ba51e606f9ca480ce.jpg,1,0,1,1
train,372,fp_train_0440.jpg,train,P_2208_jpg.rf.52e52d355209d23e90967cfc4d0e7f89.jpg,new_dataset\Final Project.v1i.coco\train\P_2208_jpg.rf.52e52d355209d23e90967cfc4d0e7f89.jpg,0,1,1,0
train,373,fp_train_0441.jpg,train,N_1088_JPG_JPG.rf.f16aac827735850905ee3dcf11c3cab6.jpg,new_dataset\Final Project.v1i.coco\train\N_1088_JPG_JPG.rf.f16aac827735850905ee3dcf11c3cab6.jpg,0,0,0,0
valid,374,fp_valid_0107.jpg,train,104_jpg.rf.7f88fa0349b2d5ad1373f6dde860e59c.jpg,new_dataset\Final Project.v1i.coco\train\104_jpg.rf.7f88fa0349b2d5ad1373f6dde860e59c.jpg,0,0,0,1
train,375,fp_train_0442.jpg,train,P_2225_jpg.rf.1d96e83bdf81d35f739920a3c26e11b7.jpg,new_dataset\Final Project.v1i.coco\train\P_2225_jpg.rf.1d96e83bdf81d35f739920a3c26e11b7.jpg,0,0,0,1
train,376,fp_train_0443.jpg,train,N_1054_JPG_JPG.rf.ec92049aeb09f90d6032edd9cb6e37a2.jpg,new_dataset\Final Project.v1i.coco\train\N_1054_JPG_JPG.rf.ec92049aeb09f90d6032edd9cb6e37a2.jpg,0,0,1,0
test,377,fp_test_0083.jpg,train,124_jpg.rf.f1cb25ff7cd0e7f8084c33f662bed1f9.jpg,new_dataset\Final Project.v1i.coco\train\124_jpg.rf.f1cb25ff7cd0e7f8084c33f662bed1f9.jpg,0,0,0,1
train,378,fp_train_0444.jpg,train,P_2007_jpg.rf.90bd797cf1eefc1c2f2a44da13f0e699.jpg,new_dataset\Final Project.v1i.coco\train\P_2007_jpg.rf.90bd797cf1eefc1c2f2a44da13f0e699.jpg,0,1,0,0
train,379,fp_train_0445.jpg,train,N_10037_JPG_JPG.rf.cf0d54d08749b6beda8fb4b6697c5817.jpg,new_dataset\Final Project.v1i.coco\train\N_10037_JPG_JPG.rf.cf0d54d08749b6beda8fb4b6697c5817.jpg,1,0,0,1
train,380,fp_train_0446.jpg,train,N_1043_JPG_JPG.rf.ffb4efc0e2cb577fdef05015692f6ea2.jpg,new_dataset\Final Project.v1i.coco\train\N_1043_JPG_JPG.rf.ffb4efc0e2cb577fdef05015692f6ea2.jpg,1,0,0,0
train,381,fp_train_0447.jpg,train,95_jpg.rf.2ed59d0fde9fc3c6bf7a1387921282a2.jpg,new_dataset\Final Project.v1i.coco\train\95_jpg.rf.2ed59d0fde9fc3c6bf7a1387921282a2.jpg,0,0,0,0
valid,382,fp_valid_0108.jpg,train,samsung_39_jpg.rf.a9fa757ccb183eb3a00e66a18137280b.jpg,new_dataset\Final Project.v1i.coco\train\samsung_39_jpg.rf.a9fa757ccb183eb3a00e66a18137280b.jpg,0,0,0,0
train,383,fp_train_0448.jpg,train,209_jpg.rf.03671b4ad43fd617ba89bf97927b2b44.jpg,new_dataset\Final Project.v1i.coco\train\209_jpg.rf.03671b4ad43fd617ba89bf97927b2b44.jpg,0,0,0,0
train,384,fp_train_0449.jpg,train,N_1091_JPG_JPG.rf.ee076c21187e9fe2fc7a78b05e9487ba.jpg,new_dataset\Final Project.v1i.coco\train\N_1091_JPG_JPG.rf.ee076c21187e9fe2fc7a78b05e9487ba.jpg,1,0,0,1
train,385,fp_train_0450.jpg,train,P_2069_jpg.rf.065f8274ae832970133bfe778509924e.jpg,new_dataset\Final Project.v1i.coco\train\P_2069_jpg.rf.065f8274ae832970133bfe778509924e.jpg,1,0,0,1
valid,386,fp_valid_0109.jpg,train,N_10068_JPG_JPG.rf.d079a0be1e09394efd205cf9a6a6aa97.jpg,new_dataset\Final Project.v1i.coco\train\N_10068_JPG_JPG.rf.d079a0be1e09394efd205cf9a6a6aa97.jpg,1,0,1,0
test,387,fp_test_0084.jpg,train,samsung_62_jpg.rf.d88c740d8ce469283a1f4692c0a548bc.jpg,new_dataset\Final Project.v1i.coco\train\samsung_62_jpg.rf.d88c740d8ce469283a1f4692c0a548bc.jpg,1,0,0,0
train,388,fp_train_0451.jpg,train,N_1029_JPG_JPG.rf.a577311e10083ff8ac3fd9cc252d63f6.jpg,new_dataset\Final Project.v1i.coco\train\N_1029_JPG_JPG.rf.a577311e10083ff8ac3fd9cc252d63f6.jpg,1,1,0,1
train,389,fp_train_0452.jpg,train,P_2206_jpg.rf.f350b920f28d3832b98e7371576ac50c.jpg,new_dataset\Final Project.v1i.coco\train\P_2206_jpg.rf.f350b920f28d3832b98e7371576ac50c.jpg,0,0,0,0
train,390,fp_train_0453.jpg,train,165_jpg.rf.c925062531af1cbd139ade144c7f79c4.jpg,new_dataset\Final Project.v1i.coco\train\165_jpg.rf.c925062531af1cbd139ade144c7f79c4.jpg,0,1,0,1
train,391,fp_train_0454.jpg,train,P_2013_jpg.rf.ddc6971beb2c15e346d8cb296c91f1b4.jpg,new_dataset\Final Project.v1i.coco\train\P_2013_jpg.rf.ddc6971beb2c15e346d8cb296c91f1b4.jpg,0,0,0,0
test,392,fp_test_0085.jpg,train,N_1004_JPG_JPG.rf.5b91210e9399e234b999998c37b5ba26.jpg,new_dataset\Final Project.v1i.coco\train\N_1004_JPG_JPG.rf.5b91210e9399e234b999998c37b5ba26.jpg,1,0,0,1
train,393,fp_train_0455.jpg,train,P_2258_jpg.rf.9a82c3721007a2b594d06973f01151ae.jpg,new_dataset\Final Project.v1i.coco\train\P_2258_jpg.rf.9a82c3721007a2b594d06973f01151ae.jpg,0,1,1,1
train,394,fp_train_0456.jpg,train,P_2257_jpg.rf.91d144af833af99f9d9cdfc65c980da4.jpg,new_dataset\Final Project.v1i.coco\train\P_2257_jpg.rf.91d144af833af99f9d9cdfc65c980da4.jpg,1,0,0,1
train,395,fp_train_0457.jpg,train,samsung_58_jpg.rf.87ecf348bd999189f610bfff129a8bcc.jpg,new_dataset\Final Project.v1i.coco\train\samsung_58_jpg.rf.87ecf348bd999189f610bfff129a8bcc.jpg,1,0,0,1
test,396,fp_test_0086.jpg,train,P_2067_jpg.rf.5cc41525799c3021560aeac0f2f4c904.jpg,new_dataset\Final Project.v1i.coco\train\P_2067_jpg.rf.5cc41525799c3021560aeac0f2f4c904.jpg,1,1,0,1
valid,397,fp_valid_0110.jpg,train,2_33_jpg.rf.c45ea5fd434e8e5fcdf7d1d18530bb4e.jpg,new_dataset\Final Project.v1i.coco\train\2_33_jpg.rf.c45ea5fd434e8e5fcdf7d1d18530bb4e.jpg,0,0,0,0
train,398,fp_train_0458.jpg,train,2_47_jpg.rf.8185168f77837600da1721979855ebf1.jpg,new_dataset\Final Project.v1i.coco\train\2_47_jpg.rf.8185168f77837600da1721979855ebf1.jpg,0,1,0,0
train,399,fp_train_0459.jpg,train,samsung_18_jpg.rf.ea3ef97e38e7fcdd76fce89ec2d4fafd.jpg,new_dataset\Final Project.v1i.coco\train\samsung_18_jpg.rf.ea3ef97e38e7fcdd76fce89ec2d4fafd.jpg,0,1,0,0
train,400,fp_train_0460.jpg,train,N_10048_JPG_JPG.rf.fde164ad4763d33eb742b9400351cd5d.jpg,new_dataset\Final Project.v1i.coco\train\N_10048_JPG_JPG.rf.fde164ad4763d33eb742b9400351cd5d.jpg,1,0,0,0
test,401,fp_test_0087.jpg,train,109_jpg.rf.36143738ee191de19126612ef9916f01.jpg,new_dataset\Final Project.v1i.coco\train\109_jpg.rf.36143738ee191de19126612ef9916f01.jpg,0,0,0,1
train,402,fp_train_0461.jpg,train,P_2232_jpg.rf.da7f6a6777da15cba2e9c14dba7d0408.jpg,new_dataset\Final Project.v1i.coco\train\P_2232_jpg.rf.da7f6a6777da15cba2e9c14dba7d0408.jpg,0,1,0,1
test,403,fp_test_0088.jpg,train,93_jpg.rf.824ac37a8f8a240f04f7706835288abd.jpg,new_dataset\Final Project.v1i.coco\train\93_jpg.rf.824ac37a8f8a240f04f7706835288abd.jpg,0,0,0,0
test,403,fp_test_0089.jpg,valid,94_jpg.rf.bd1ba4aea08a856cd56c075432be86e6.jpg,new_dataset\Final Project.v1i.coco\valid\94_jpg.rf.bd1ba4aea08a856cd56c075432be86e6.jpg,0,0,0,0
valid,404,fp_valid_0111.jpg,train,N_1031_JPG_JPG.rf.b0e4e2862d549277c4651343f561d32e.jpg,new_dataset\Final Project.v1i.coco\train\N_1031_JPG_JPG.rf.b0e4e2862d549277c4651343f561d32e.jpg,1,1,0,1
train,405,fp_train_0462.jpg,train,N_10017_JPG_JPG.rf.2e6d3a75193c98e61d5ea7e98910c7e7.jpg,new_dataset\Final Project.v1i.coco\train\N_10017_JPG_JPG.rf.2e6d3a75193c98e61d5ea7e98910c7e7.jpg,1,0,1,1
test,406,fp_test_0090.jpg,train,P_2198_jpg.rf.9116a3c8503cb4e2b245af7fd1cb64b5.jpg,new_dataset\Final Project.v1i.coco\train\P_2198_jpg.rf.9116a3c8503cb4e2b245af7fd1cb64b5.jpg,0,0,0,0
train,407,fp_train_0463.jpg,train,N_10049_JPG_JPG.rf.258fe07bedfe2a6f0a404f0907bba494.jpg,new_dataset\Final Project.v1i.coco\train\N_10049_JPG_JPG.rf.258fe07bedfe2a6f0a404f0907bba494.jpg,1,0,0,0
valid,408,fp_valid_0112.jpg,train,P_2249_jpg.rf.b373be324c76c68a3d3e15e21b5d39fc.jpg,new_dataset\Final Project.v1i.coco\train\P_2249_jpg.rf.b373be324c76c68a3d3e15e21b5d39fc.jpg,0,1,0,0
valid,409,fp_valid_0113.jpg,train,P_2039_jpg.rf.3e29cc90c875741d00f3d25de22171f1.jpg,new_dataset\Final Project.v1i.coco\train\P_2039_jpg.rf.3e29cc90c875741d00f3d25de22171f1.jpg,1,1,0,1
train,410,fp_train_0464.jpg,train,P_2056_jpg.rf.1d045191b43fa81f7f37c2f94cd46617.jpg,new_dataset\Final Project.v1i.coco\train\P_2056_jpg.rf.1d045191b43fa81f7f37c2f94cd46617.jpg,0,1,0,1
train,411,fp_train_0465.jpg,train,34_jpg.rf.dc82c0c8420038379127e6d00a8f5aab.jpg,new_dataset\Final Project.v1i.coco\train\34_jpg.rf.dc82c0c8420038379127e6d00a8f5aab.jpg,0,0,0,0
train,412,fp_train_0466.jpg,train,N_1096_JPG_JPG.rf.5546534a7e984f96e7fffeca29642fb2.jpg,new_dataset\Final Project.v1i.coco\train\N_1096_JPG_JPG.rf.5546534a7e984f96e7fffeca29642fb2.jpg,1,0,0,0
train,413,fp_train_0467.jpg,train,P_2062_jpg.rf.20f922c9763b4202c8e5b53bfa4104ee.jpg,new_dataset\Final Project.v1i.coco\train\P_2062_jpg.rf.20f922c9763b4202c8e5b53bfa4104ee.jpg,0,1,0,1
train,414,fp_train_0468.jpg,train,P_2047_jpg.rf.711ef959bac8f702944644664c03e0cf.jpg,new_dataset\Final Project.v1i.coco\train\P_2047_jpg.rf.711ef959bac8f702944644664c03e0cf.jpg,0,1,0,1
train,415,fp_train_0469.jpg,train,37_jpg.rf.495b4905d23eee8c5b4456c9f24c6a23.jpg,new_dataset\Final Project.v1i.coco\train\37_jpg.rf.495b4905d23eee8c5b4456c9f24c6a23.jpg,0,0,0,1
train,416,fp_train_0470.jpg,train,2_197_jpg.rf.ee6e4f1f4e4cacf166d52eb9419be660.jpg,new_dataset\Final Project.v1i.coco\train\2_197_jpg.rf.ee6e4f1f4e4cacf166d52eb9419be660.jpg,0,1,1,0
train,417,fp_train_0471.jpg,train,P_2095_jpg.rf.0425126e49200147dcbfa28657901f3c.jpg,new_dataset\Final Project.v1i.coco\train\P_2095_jpg.rf.0425126e49200147dcbfa28657901f3c.jpg,1,0,0,0
test,418,fp_test_0091.jpg,train,P_2113_jpg.rf.35e7a73c77dd69573b3d56eb81724816.jpg,new_dataset\Final Project.v1i.coco\train\P_2113_jpg.rf.35e7a73c77dd69573b3d56eb81724816.jpg,0,1,0,1
train,419,fp_train_0472.jpg,train,P_2019_jpg.rf.590835ded88d8bcfbadb285ca085b8de.jpg,new_dataset\Final Project.v1i.coco\train\P_2019_jpg.rf.590835ded88d8bcfbadb285ca085b8de.jpg,0,0,0,0
train,420,fp_train_0473.jpg,train,N_10004_JPG_JPG.rf.c6c5e99646b369013ccefc52d2ba2f68.jpg,new_dataset\Final Project.v1i.coco\train\N_10004_JPG_JPG.rf.c6c5e99646b369013ccefc52d2ba2f68.jpg,1,0,1,1
train,421,fp_train_0474.jpg,train,P_2114_jpg.rf.bfef3b5408b305fe5756d81096069829.jpg,new_dataset\Final Project.v1i.coco\train\P_2114_jpg.rf.bfef3b5408b305fe5756d81096069829.jpg,0,1,0,1
test,422,fp_test_0092.jpg,train,2_9_jpg.rf.a573032ae30e8d8e69d460d9d601de7b.jpg,new_dataset\Final Project.v1i.coco\train\2_9_jpg.rf.a573032ae30e8d8e69d460d9d601de7b.jpg,0,1,1,0
test,422,fp_test_0093.jpg,train,2_11_jpg.rf.7c517ce143259385ab219c6ebe93ee36.jpg,new_dataset\Final Project.v1i.coco\train\2_11_jpg.rf.7c517ce143259385ab219c6ebe93ee36.jpg,0,1,1,0
train,423,fp_train_0475.jpg,train,N_1012_JPG_JPG.rf.beb32f4db2971928b18b6793e70286f5.jpg,new_dataset\Final Project.v1i.coco\train\N_1012_JPG_JPG.rf.beb32f4db2971928b18b6793e70286f5.jpg,1,0,0,1
test,424,fp_test_0094.jpg,train,P_2199_jpg.rf.9f23cd1f56ebc2a15005be5322e71c46.jpg,new_dataset\Final Project.v1i.coco\train\P_2199_jpg.rf.9f23cd1f56ebc2a15005be5322e71c46.jpg,0,0,0,0
train,425,fp_train_0476.jpg,train,P_2246_jpg.rf.badafec1d7d690b48987a66aedf9b7d7.jpg,new_dataset\Final Project.v1i.coco\train\P_2246_jpg.rf.badafec1d7d690b48987a66aedf9b7d7.jpg,0,0,0,0
train,426,fp_train_0477.jpg,train,P_2017_jpg.rf.e33645f75ddd58aa633181eec96e9d0e.jpg,new_dataset\Final Project.v1i.coco\train\P_2017_jpg.rf.e33645f75ddd58aa633181eec96e9d0e.jpg,1,1,0,1
train,427,fp_train_0478.jpg,train,2_57_jpg.rf.c163d73c9f203e80352bc46c325af2f2.jpg,new_dataset\Final Project.v1i.coco\train\2_57_jpg.rf.c163d73c9f203e80352bc46c325af2f2.jpg,0,1,1,0
train,428,fp_train_0479.jpg,train,2_145_jpg.rf.d66bd5b66998012fbbf9679b0fd8cdc1.jpg,new_dataset\Final Project.v1i.coco\train\2_145_jpg.rf.d66bd5b66998012fbbf9679b0fd8cdc1.jpg,0,1,1,0
train,429,fp_train_0480.jpg,train,N_1084_JPG_JPG.rf.6f4e4249310a12223054d39740ecd123.jpg,new_dataset\Final Project.v1i.coco\train\N_1084_JPG_JPG.rf.6f4e4249310a12223054d39740ecd123.jpg,1,0,0,1
train,430,fp_train_0481.jpg,train,N_10036_JPG_JPG.rf.7eb977bf27e0562a80ccdcdaaab401bc.jpg,new_dataset\Final Project.v1i.coco\train\N_10036_JPG_JPG.rf.7eb977bf27e0562a80ccdcdaaab401bc.jpg,1,0,0,1
test,431,fp_test_0095.jpg,train,samsung_16_jpg.rf.42980ebc91b5f1b8ef54fab3a3d80f84.jpg,new_dataset\Final Project.v1i.coco\train\samsung_16_jpg.rf.42980ebc91b5f1b8ef54fab3a3d80f84.jpg,0,0,0,0
train,432,fp_train_0482.jpg,train,P_2171_jpg.rf.1e8a40b6949bc5351c4ec95f16205636.jpg,new_dataset\Final Project.v1i.coco\train\P_2171_jpg.rf.1e8a40b6949bc5351c4ec95f16205636.jpg,0,0,0,1
train,433,fp_train_0483.jpg,train,P_2155_jpg.rf.bdacb820788a5b8199976a6e1bc7ab2e.jpg,new_dataset\Final Project.v1i.coco\train\P_2155_jpg.rf.bdacb820788a5b8199976a6e1bc7ab2e.jpg,1,1,0,1
train,434,fp_train_0484.jpg,train,P_2181_jpg.rf.0d6ec98375058b6a16bf516d5de06ea5.jpg,new_dataset\Final Project.v1i.coco\train\P_2181_jpg.rf.0d6ec98375058b6a16bf516d5de06ea5.jpg,0,0,0,0
test,435,fp_test_0096.jpg,train,N_10012_JPG_JPG.rf.01a0c3064682e8f5697534101e8f6126.jpg,new_dataset\Final Project.v1i.coco\train\N_10012_JPG_JPG.rf.01a0c3064682e8f5697534101e8f6126.jpg,1,0,1,1
train,436,fp_train_0485.jpg,train,samsung_12_jpg.rf.b69015fad0849762d9a6840d12f0f03a.jpg,new_dataset\Final Project.v1i.coco\train\samsung_12_jpg.rf.b69015fad0849762d9a6840d12f0f03a.jpg,1,0,0,1
train,437,fp_train_0486.jpg,train,N_10006_JPG_JPG.rf.bf64cfff8676d3028326d15740c1ebb8.jpg,new_dataset\Final Project.v1i.coco\train\N_10006_JPG_JPG.rf.bf64cfff8676d3028326d15740c1ebb8.jpg,1,0,1,1
train,438,fp_train_0487.jpg,train,128_jpg.rf.ef1d3efe2959995dd0ed8d201489a7a3.jpg,new_dataset\Final Project.v1i.coco\train\128_jpg.rf.ef1d3efe2959995dd0ed8d201489a7a3.jpg,0,0,0,0
train,439,fp_train_0488.jpg,train,N_1034_JPG_JPG.rf.d815dfba1cf995b7f3a6ce230f00d285.jpg,new_dataset\Final Project.v1i.coco\train\N_1034_JPG_JPG.rf.d815dfba1cf995b7f3a6ce230f00d285.jpg,1,1,0,1
train,440,fp_train_0489.jpg,train,2_32_jpg.rf.2da136a8e7d288f1f966faaffbb98424.jpg,new_dataset\Final Project.v1i.coco\train\2_32_jpg.rf.2da136a8e7d288f1f966faaffbb98424.jpg,0,0,0,0
train,441,fp_train_0490.jpg,train,N_10003_JPG_JPG.rf.06a4d142ff5324eaa5ae85c9ed8a11d0.jpg,new_dataset\Final Project.v1i.coco\train\N_10003_JPG_JPG.rf.06a4d142ff5324eaa5ae85c9ed8a11d0.jpg,1,0,1,1
train,442,fp_train_0491.jpg,train,P_2088_jpg.rf.adcce921a0629f96f833a02b6d2cae9d.jpg,new_dataset\Final Project.v1i.coco\train\P_2088_jpg.rf.adcce921a0629f96f833a02b6d2cae9d.jpg,0,1,0,1
train,443,fp_train_0492.jpg,train,P_2054_jpg.rf.a7a67a6c19dcbcc50abfae425e8fcf43.jpg,new_dataset\Final Project.v1i.coco\train\P_2054_jpg.rf.a7a67a6c19dcbcc50abfae425e8fcf43.jpg,1,1,0,1
train,444,fp_train_0493.jpg,train,P_2003_jpg.rf.09f05013bd0c2da7b312b98169755297.jpg,new_dataset\Final Project.v1i.coco\train\P_2003_jpg.rf.09f05013bd0c2da7b312b98169755297.jpg,1,1,0,0
test,445,fp_test_0097.jpg,train,P_2145_jpg.rf.d43a79a40490a00ae195b21f3211553f.jpg,new_dataset\Final Project.v1i.coco\train\P_2145_jpg.rf.d43a79a40490a00ae195b21f3211553f.jpg,1,0,0,1
test,446,fp_test_0098.jpg,train,P_2227_jpg.rf.2f73b3308ee70345d97fcf5ea6bdc9a7.jpg,new_dataset\Final Project.v1i.coco\train\P_2227_jpg.rf.2f73b3308ee70345d97fcf5ea6bdc9a7.jpg,0,1,0,1
train,447,fp_train_0494.jpg,train,samsung_71_jpg.rf.b23a1ea0a76dd96dab6b7a316546573b.jpg,new_dataset\Final Project.v1i.coco\train\samsung_71_jpg.rf.b23a1ea0a76dd96dab6b7a316546573b.jpg,0,1,0,0
train,448,fp_train_0495.jpg,train,P_2166_jpg.rf.e5966acbdaa8dd6f45a0eb2be45884ae.jpg,new_dataset\Final Project.v1i.coco\train\P_2166_jpg.rf.e5966acbdaa8dd6f45a0eb2be45884ae.jpg,1,1,0,0
train,449,fp_train_0496.jpg,train,N_1093_JPG_JPG.rf.3e8c969a75694e0fe59bd21272a8720f.jpg,new_dataset\Final Project.v1i.coco\train\N_1093_JPG_JPG.rf.3e8c969a75694e0fe59bd21272a8720f.jpg,1,0,0,0
train,450,fp_train_0497.jpg,train,2_16_jpg.rf.06f12db5b314f1c99e39060151458de6.jpg,new_dataset\Final Project.v1i.coco\train\2_16_jpg.rf.06f12db5b314f1c99e39060151458de6.jpg,0,0,1,0
test,451,fp_test_0099.jpg,train,samsung_20_jpg.rf.469159ee66591b6e8cabc3fd9b9ac534.jpg,new_dataset\Final Project.v1i.coco\train\samsung_20_jpg.rf.469159ee66591b6e8cabc3fd9b9ac534.jpg,0,1,0,0
train,452,fp_train_0498.jpg,train,samsung_65_jpg.rf.881ed2ff91086f34b34c51667a67a6cc.jpg,new_dataset\Final Project.v1i.coco\train\samsung_65_jpg.rf.881ed2ff91086f34b34c51667a67a6cc.jpg,1,0,0,1
valid,453,fp_valid_0114.jpg,train,2_77_jpg.rf.6904fb7afa5a1594ad69055a6469898f.jpg,new_dataset\Final Project.v1i.coco\train\2_77_jpg.rf.6904fb7afa5a1594ad69055a6469898f.jpg,1,1,0,0
train,454,fp_train_0499.jpg,train,P_2179_jpg.rf.473bc8f58af63815bd4a6d7c5326fb0c.jpg,new_dataset\Final Project.v1i.coco\train\P_2179_jpg.rf.473bc8f58af63815bd4a6d7c5326fb0c.jpg,0,1,0,0
valid,455,fp_valid_0115.jpg,train,P_2002_jpg.rf.3a24a08c8c1663082850850ce8362d7e.jpg,new_dataset\Final Project.v1i.coco\train\P_2002_jpg.rf.3a24a08c8c1663082850850ce8362d7e.jpg,1,1,0,0
train,456,fp_train_0500.jpg,train,80_jpg.rf.9a39d9d08113f654e4c04d91c9df0dad.jpg,new_dataset\Final Project.v1i.coco\train\80_jpg.rf.9a39d9d08113f654e4c04d91c9df0dad.jpg,0,1,0,0
valid,457,fp_valid_0116.jpg,train,samsung_60_jpg.rf.39ad51f4a7d8181105fa7981fc1a0ad8.jpg,new_dataset\Final Project.v1i.coco\train\samsung_60_jpg.rf.39ad51f4a7d8181105fa7981fc1a0ad8.jpg,0,0,0,1
train,458,fp_train_0501.jpg,train,P_2189_jpg.rf.a72a28c67020ff58c7ee08a1c04ee7ea.jpg,new_dataset\Final Project.v1i.coco\train\P_2189_jpg.rf.a72a28c67020ff58c7ee08a1c04ee7ea.jpg,0,0,0,0
valid,459,fp_valid_0117.jpg,train,P_2012_jpg.rf.9319a16a36c0e5a650d78ef8f6d57629.jpg,new_dataset\Final Project.v1i.coco\train\P_2012_jpg.rf.9319a16a36c0e5a650d78ef8f6d57629.jpg,1,0,0,1
test,460,fp_test_0100.jpg,train,P_2148_jpg.rf.9d4bb2cd79f2c70dbf5ba7febbb9e7e1.jpg,new_dataset\Final Project.v1i.coco\train\P_2148_jpg.rf.9d4bb2cd79f2c70dbf5ba7febbb9e7e1.jpg,1,0,0,1
train,461,fp_train_0502.jpg,train,P_2256_jpg.rf.7299f747cfbeae710c398244504f40d1.jpg,new_dataset\Final Project.v1i.coco\train\P_2256_jpg.rf.7299f747cfbeae710c398244504f40d1.jpg,0,0,0,1
test,462,fp_test_0101.jpg,train,2_13_jpg.rf.bf0b5a62a4ebe117b8cd02b6aeac4186.jpg,new_dataset\Final Project.v1i.coco\train\2_13_jpg.rf.bf0b5a62a4ebe117b8cd02b6aeac4186.jpg,0,1,0,0
test,462,fp_test_0102.jpg,valid,2_14_jpg.rf.3ccd80a9955d14f20ff2b8d96884e3d9.jpg,new_dataset\Final Project.v1i.coco\valid\2_14_jpg.rf.3ccd80a9955d14f20ff2b8d96884e3d9.jpg,1,1,0,0
test,463,fp_test_0103.jpg,train,P_2052_jpg.rf.5933094e8a18e7d466be14cff763b7ed.jpg,new_dataset\Final Project.v1i.coco\train\P_2052_jpg.rf.5933094e8a18e7d466be14cff763b7ed.jpg,1,1,0,1
test,464,fp_test_0104.jpg,train,2_4_jpg.rf.610070dad5e01bb6fe6a7666009798bb.jpg,new_dataset\Final Project.v1i.coco\train\2_4_jpg.rf.610070dad5e01bb6fe6a7666009798bb.jpg,1,0,0,0
valid,465,fp_valid_0118.jpg,train,N_10026_JPG_JPG.rf.7ce909bcc2d8e90aea5c3e6595fd07e8.jpg,new_dataset\Final Project.v1i.coco\train\N_10026_JPG_JPG.rf.7ce909bcc2d8e90aea5c3e6595fd07e8.jpg,0,0,0,1
test,466,fp_test_0105.jpg,train,2_71_jpg.rf.22b035211039bc4267de4e93aa496410.jpg,new_dataset\Final Project.v1i.coco\train\2_71_jpg.rf.22b035211039bc4267de4e93aa496410.jpg,0,1,0,0
test,466,fp_test_0106.jpg,test,2_70_jpg.rf.00dc35beb700df9ded147a6287bba003.jpg,new_dataset\Final Project.v1i.coco\test\2_70_jpg.rf.00dc35beb700df9ded147a6287bba003.jpg,0,0,0,0
test,466,fp_test_0107.jpg,test,2_63_jpg.rf.390a7c51f5878d32b6db2a8ba3c0b673.jpg,new_dataset\Final Project.v1i.coco\test\2_63_jpg.rf.390a7c51f5878d32b6db2a8ba3c0b673.jpg,0,0,0,0
train,467,fp_train_0503.jpg,train,samsung_56_jpg.rf.65e4942573cf32a5f5253d1967d8feaf.jpg,new_dataset\Final Project.v1i.coco\train\samsung_56_jpg.rf.65e4942573cf32a5f5253d1967d8feaf.jpg,1,1,0,1
train,468,fp_train_0504.jpg,train,N_1006_JPG_JPG.rf.a4fcd330ca0f30e8aafbe8a2695d995f.jpg,new_dataset\Final Project.v1i.coco\train\N_1006_JPG_JPG.rf.a4fcd330ca0f30e8aafbe8a2695d995f.jpg,1,0,0,1
test,469,fp_test_0108.jpg,train,P_2120_jpg.rf.86531c846c97678b64755e1617e8e1b1.jpg,new_dataset\Final Project.v1i.coco\train\P_2120_jpg.rf.86531c846c97678b64755e1617e8e1b1.jpg,1,0,0,0
train,470,fp_train_0505.jpg,train,samsung_51_jpg.rf.c983816580ae6fbe6d9323e50ff740a1.jpg,new_dataset\Final Project.v1i.coco\train\samsung_51_jpg.rf.c983816580ae6fbe6d9323e50ff740a1.jpg,0,1,0,0
train,471,fp_train_0506.jpg,train,2_73_jpg.rf.f049b990c6c566e2a2612cc5302509f5.jpg,new_dataset\Final Project.v1i.coco\train\2_73_jpg.rf.f049b990c6c566e2a2612cc5302509f5.jpg,1,1,0,0
test,472,fp_test_0109.jpg,train,2_166_jpg.rf.96f3de2a7faf9fbacefc9cac8f5568cc.jpg,new_dataset\Final Project.v1i.coco\train\2_166_jpg.rf.96f3de2a7faf9fbacefc9cac8f5568cc.jpg,0,1,0,0
train,473,fp_train_0507.jpg,train,P_2233_jpg.rf.9f28b378164e64a09f7327f4543d766f.jpg,new_dataset\Final Project.v1i.coco\train\P_2233_jpg.rf.9f28b378164e64a09f7327f4543d766f.jpg,0,1,0,1
train,474,fp_train_0508.jpg,train,P_2140_jpg.rf.fcb62b6336de0a6f135e4d89c70091d3.jpg,new_dataset\Final Project.v1i.coco\train\P_2140_jpg.rf.fcb62b6336de0a6f135e4d89c70091d3.jpg,0,0,0,1
valid,475,fp_valid_0119.jpg,train,N_10074_JPG_JPG.rf.fc652bd05fcf1127ee2c85c4ba4f6b56.jpg,new_dataset\Final Project.v1i.coco\train\N_10074_JPG_JPG.rf.fc652bd05fcf1127ee2c85c4ba4f6b56.jpg,0,1,0,0
train,476,fp_train_0509.jpg,train,32_jpg.rf.3e42f003c0060fbc984f93df9322dd9f.jpg,new_dataset\Final Project.v1i.coco\train\32_jpg.rf.3e42f003c0060fbc984f93df9322dd9f.jpg,0,0,0,0
train,477,fp_train_0510.jpg,train,9_jpg.rf.518ecb139d79519b3c0b4033433d3f7a.jpg,new_dataset\Final Project.v1i.coco\train\9_jpg.rf.518ecb139d79519b3c0b4033433d3f7a.jpg,0,0,0,0
valid,478,fp_valid_0120.jpg,train,2_111_jpg.rf.c375475c096821c4fbf49924402b4814.jpg,new_dataset\Final Project.v1i.coco\train\2_111_jpg.rf.c375475c096821c4fbf49924402b4814.jpg,1,1,1,0
train,479,fp_train_0511.jpg,train,2_112_jpg.rf.aa2d0a58edf26820e9425671b14b8944.jpg,new_dataset\Final Project.v1i.coco\train\2_112_jpg.rf.aa2d0a58edf26820e9425671b14b8944.jpg,0,0,0,0
train,480,fp_train_0512.jpg,train,P_2099_jpg.rf.c0420f18cc5dea837fe4b39f5bbcf2b0.jpg,new_dataset\Final Project.v1i.coco\train\P_2099_jpg.rf.c0420f18cc5dea837fe4b39f5bbcf2b0.jpg,1,1,0,0
train,481,fp_train_0513.jpg,train,P_2034_jpg.rf.c12a1b051dea9146192d24f3075599f3.jpg,new_dataset\Final Project.v1i.coco\train\P_2034_jpg.rf.c12a1b051dea9146192d24f3075599f3.jpg,0,1,1,1
train,482,fp_train_0514.jpg,train,P_2251_jpg.rf.91d9e75f2eb1d83066d61f7eacfa36c5.jpg,new_dataset\Final Project.v1i.coco\train\P_2251_jpg.rf.91d9e75f2eb1d83066d61f7eacfa36c5.jpg,0,0,0,1
train,483,fp_train_0515.jpg,train,P_2134_jpg.rf.146282d9ddc62d6cacd39757059fff3f.jpg,new_dataset\Final Project.v1i.coco\train\P_2134_jpg.rf.146282d9ddc62d6cacd39757059fff3f.jpg,0,1,0,1
train,484,fp_train_0516.jpg,train,N_10016_JPG_JPG.rf.5bba630b6860b941d47bcb5639418b58.jpg,new_dataset\Final Project.v1i.coco\train\N_10016_JPG_JPG.rf.5bba630b6860b941d47bcb5639418b58.jpg,1,0,1,0
train,485,fp_train_0517.jpg,train,samsung_75_jpg.rf.0f561476f3fa6221c4b979e6cb7d0200.jpg,new_dataset\Final Project.v1i.coco\train\samsung_75_jpg.rf.0f561476f3fa6221c4b979e6cb7d0200.jpg,1,0,0,0
test,486,fp_test_0110.jpg,train,P_2211_jpg.rf.3df7eab4702ccab2904337e5c64dccc5.jpg,new_dataset\Final Project.v1i.coco\train\P_2211_jpg.rf.3df7eab4702ccab2904337e5c64dccc5.jpg,0,1,1,0
train,487,fp_train_0518.jpg,train,samsung_32_jpg.rf.4d35410d0d40accd2b92c3f5aeae72ae.jpg,new_dataset\Final Project.v1i.coco\train\samsung_32_jpg.rf.4d35410d0d40accd2b92c3f5aeae72ae.jpg,1,0,0,0
train,488,fp_train_0519.jpg,train,192_jpg.rf.fa70b5623bbf5a50fce3f99c7700c356.jpg,new_dataset\Final Project.v1i.coco\train\192_jpg.rf.fa70b5623bbf5a50fce3f99c7700c356.jpg,0,0,0,1
train,489,fp_train_0520.jpg,train,samsung_61_jpg.rf.dca19e153a830c5fa4703cb65a6272a6.jpg,new_dataset\Final Project.v1i.coco\train\samsung_61_jpg.rf.dca19e153a830c5fa4703cb65a6272a6.jpg,0,0,0,0
valid,490,fp_valid_0121.jpg,train,N_10007_JPG_JPG.rf.efc627fa09111524f30d8ceddd3152d7.jpg,new_dataset\Final Project.v1i.coco\train\N_10007_JPG_JPG.rf.efc627fa09111524f30d8ceddd3152d7.jpg,1,0,1,1
test,491,fp_test_0111.jpg,train,N_10064_JPG_JPG.rf.fd149fd0dd8814ce7e1ab62590edb961.jpg,new_dataset\Final Project.v1i.coco\train\N_10064_JPG_JPG.rf.fd149fd0dd8814ce7e1ab62590edb961.jpg,1,0,1,0
train,492,fp_train_0521.jpg,train,samsung_53_jpg.rf.6722285cfaa7f22a13aabc85d1769e8c.jpg,new_dataset\Final Project.v1i.coco\train\samsung_53_jpg.rf.6722285cfaa7f22a13aabc85d1769e8c.jpg,1,0,0,0
train,493,fp_train_0522.jpg,train,N_10067_JPG_JPG.rf.c9c66721ac472195c2fad66db30993db.jpg,new_dataset\Final Project.v1i.coco\train\N_10067_JPG_JPG.rf.c9c66721ac472195c2fad66db30993db.jpg,1,0,1,0
test,494,fp_test_0112.jpg,train,P_2244_jpg.rf.24605285a4267d3b1374c0cc26d76bbc.jpg,new_dataset\Final Project.v1i.coco\train\P_2244_jpg.rf.24605285a4267d3b1374c0cc26d76bbc.jpg,0,1,1,1
train,495,fp_train_0523.jpg,train,N_10038_JPG_JPG.rf.a61c9b7033e15f51ff7d7e4ed3e8f88b.jpg,new_dataset\Final Project.v1i.coco\train\N_10038_JPG_JPG.rf.a61c9b7033e15f51ff7d7e4ed3e8f88b.jpg,1,1,0,1
train,496,fp_train_0524.jpg,train,N_10009_JPG_JPG.rf.a73a86cede1e50e2d5b8d0bc2ed5dbf1.jpg,new_dataset\Final Project.v1i.coco\train\N_10009_JPG_JPG.rf.a73a86cede1e50e2d5b8d0bc2ed5dbf1.jpg,1,0,1,1
train,497,fp_train_0525.jpg,train,159_jpg.rf.b24b910f528e4335b4f5217ec84fcc68.jpg,new_dataset\Final Project.v1i.coco\train\159_jpg.rf.b24b910f528e4335b4f5217ec84fcc68.jpg,0,1,0,0
train,498,fp_train_0526.jpg,train,P_2025_jpg.rf.fda9f11fa7575e33b830915fb5aeb551.jpg,new_dataset\Final Project.v1i.coco\train\P_2025_jpg.rf.fda9f11fa7575e33b830915fb5aeb551.jpg,1,1,0,1
train,499,fp_train_0527.jpg,train,P_2098_jpg.rf.838c7b07457e558b77b5ef99ea635d0d.jpg,new_dataset\Final Project.v1i.coco\train\P_2098_jpg.rf.838c7b07457e558b77b5ef99ea635d0d.jpg,1,1,0,0
train,500,fp_train_0528.jpg,train,P_2196_jpg.rf.c07d065b43b18a18903e9c427f414b8f.jpg,new_dataset\Final Project.v1i.coco\train\P_2196_jpg.rf.c07d065b43b18a18903e9c427f414b8f.jpg,0,0,0,0
valid,501,fp_valid_0122.jpg,train,14_jpg.rf.1587ebb9dca296d864c145eded74a556.jpg,new_dataset\Final Project.v1i.coco\train\14_jpg.rf.1587ebb9dca296d864c145eded74a556.jpg,1,0,0,0
train,502,fp_train_0529.jpg,train,P_2011_jpg.rf.b0004bd9e2e3c3cc8c1e3b17c8881ecb.jpg,new_dataset\Final Project.v1i.coco\train\P_2011_jpg.rf.b0004bd9e2e3c3cc8c1e3b17c8881ecb.jpg,0,0,0,1
train,503,fp_train_0530.jpg,train,129_jpg.rf.c550f868604e922caad4a834ef28b804.jpg,new_dataset\Final Project.v1i.coco\train\129_jpg.rf.c550f868604e922caad4a834ef28b804.jpg,0,0,0,0
train,503,fp_train_0531.jpg,train,127_jpg.rf.0c99d81c3dc86daa264e9d6e92cca921.jpg,new_dataset\Final Project.v1i.coco\train\127_jpg.rf.0c99d81c3dc86daa264e9d6e92cca921.jpg,0,1,0,0
train,503,fp_train_0532.jpg,valid,134_jpg.rf.c35978dc81ceee9517eabbc9ba23a3e2.jpg,new_dataset\Final Project.v1i.coco\valid\134_jpg.rf.c35978dc81ceee9517eabbc9ba23a3e2.jpg,0,0,0,1
test,504,fp_test_0113.jpg,train,2_150_jpg.rf.cc96ceb7a4edfc64a2d4eafb05523a16.jpg,new_dataset\Final Project.v1i.coco\train\2_150_jpg.rf.cc96ceb7a4edfc64a2d4eafb05523a16.jpg,0,0,0,0
train,505,fp_train_0533.jpg,train,2_24_jpg.rf.32065b1c821ccf5b682e35ea38f2465b.jpg,new_dataset\Final Project.v1i.coco\train\2_24_jpg.rf.32065b1c821ccf5b682e35ea38f2465b.jpg,1,1,0,1
train,506,fp_train_0534.jpg,train,samsung_84_jpg.rf.eef72a9830c7ffe359972430600926be.jpg,new_dataset\Final Project.v1i.coco\train\samsung_84_jpg.rf.eef72a9830c7ffe359972430600926be.jpg,0,0,0,0
train,507,fp_train_0535.jpg,train,P_2221_jpg.rf.2a2ae4545262d9316940329e171cac12.jpg,new_dataset\Final Project.v1i.coco\train\P_2221_jpg.rf.2a2ae4545262d9316940329e171cac12.jpg,1,1,1,1
train,508,fp_train_0536.jpg,train,samsung_13_jpg.rf.7bc4bf127c35f1fa50084d6b964e7aa5.jpg,new_dataset\Final Project.v1i.coco\train\samsung_13_jpg.rf.7bc4bf127c35f1fa50084d6b964e7aa5.jpg,1,0,0,0
train,509,fp_train_0537.jpg,train,N_1052_JPG_JPG.rf.7df8907a53600d73820189dcebafd2dd.jpg,new_dataset\Final Project.v1i.coco\train\N_1052_JPG_JPG.rf.7df8907a53600d73820189dcebafd2dd.jpg,1,0,0,0
valid,510,fp_valid_0123.jpg,train,2_95_jpg.rf.c354e59a3cd755d068b497a5ab199382.jpg,new_dataset\Final Project.v1i.coco\train\2_95_jpg.rf.c354e59a3cd755d068b497a5ab199382.jpg,0,0,0,0
valid,510,fp_valid_0124.jpg,test,2_94_jpg.rf.f63cda623ec6de26cd3a00f27f6ff791.jpg,new_dataset\Final Project.v1i.coco\test\2_94_jpg.rf.f63cda623ec6de26cd3a00f27f6ff791.jpg,0,1,1,0
test,511,fp_test_0114.jpg,train,N_10055_JPG_JPG.rf.10af62b55c12761762476d08fed9d59e.jpg,new_dataset\Final Project.v1i.coco\train\N_10055_JPG_JPG.rf.10af62b55c12761762476d08fed9d59e.jpg,1,0,1,1
train,512,fp_train_0538.jpg,train,N_1082_JPG_JPG.rf.312af8de8307f26301323fb94e7b23cd.jpg,new_dataset\Final Project.v1i.coco\train\N_1082_JPG_JPG.rf.312af8de8307f26301323fb94e7b23cd.jpg,0,0,0,0
test,513,fp_test_0115.jpg,train,samsung_86_jpg.rf.b518c7fca7063910cfdc895c0ee12359.jpg,new_dataset\Final Project.v1i.coco\train\samsung_86_jpg.rf.b518c7fca7063910cfdc895c0ee12359.jpg,0,0,0,0
test,514,fp_test_0116.jpg,train,5_jpg.rf.a2000c2b07583d09acec2854ae9f2136.jpg,new_dataset\Final Project.v1i.coco\train\5_jpg.rf.a2000c2b07583d09acec2854ae9f2136.jpg,0,0,0,0
valid,515,fp_valid_0125.jpg,train,N_1049_JPG_JPG.rf.0506eeb792863de65bde8277db8015cc.jpg,new_dataset\Final Project.v1i.coco\train\N_1049_JPG_JPG.rf.0506eeb792863de65bde8277db8015cc.jpg,0,1,0,1
train,516,fp_train_0539.jpg,train,2_122_jpg.rf.b6fdd808064a266decfd6b17b9abaf57.jpg,new_dataset\Final Project.v1i.coco\train\2_122_jpg.rf.b6fdd808064a266decfd6b17b9abaf57.jpg,0,1,0,0
train,516,fp_train_0540.jpg,valid,2_128_jpg.rf.50948344d643813eee531b64acd82308.jpg,new_dataset\Final Project.v1i.coco\valid\2_128_jpg.rf.50948344d643813eee531b64acd82308.jpg,0,0,0,0
train,517,fp_train_0541.jpg,train,N_1062_JPG_JPG.rf.7a85e034f4fe86a8468dac086898baa8.jpg,new_dataset\Final Project.v1i.coco\train\N_1062_JPG_JPG.rf.7a85e034f4fe86a8468dac086898baa8.jpg,1,0,0,1
train,518,fp_train_0542.jpg,train,P_2138_jpg.rf.95dcc8ac30b1667ac851257a4e9919e4.jpg,new_dataset\Final Project.v1i.coco\train\P_2138_jpg.rf.95dcc8ac30b1667ac851257a4e9919e4.jpg,1,0,0,0
train,519,fp_train_0543.jpg,train,P_2022_jpg.rf.f6ae4d1b110ec7e4f0d8a0ec42a7ffa7.jpg,new_dataset\Final Project.v1i.coco\train\P_2022_jpg.rf.f6ae4d1b110ec7e4f0d8a0ec42a7ffa7.jpg,1,1,0,1
train,520,fp_train_0544.jpg,train,N_1015_JPG_JPG.rf.69dc842f44742a9ae52158e3b6fbb11f.jpg,new_dataset\Final Project.v1i.coco\train\N_1015_JPG_JPG.rf.69dc842f44742a9ae52158e3b6fbb11f.jpg,1,0,1,1
train,521,fp_train_0545.jpg,train,P_2228_jpg.rf.a9395f7811fde1e9895d6a7c062c6e6e.jpg,new_dataset\Final Project.v1i.coco\train\P_2228_jpg.rf.a9395f7811fde1e9895d6a7c062c6e6e.jpg,1,0,0,0
test,522,fp_test_0117.jpg,train,P_2071_jpg.rf.d19d7914a54ed47e8151ac4e6633f80f.jpg,new_dataset\Final Project.v1i.coco\train\P_2071_jpg.rf.d19d7914a54ed47e8151ac4e6633f80f.jpg,0,0,0,1
test,523,fp_test_0118.jpg,train,P_2266_jpg.rf.fd517f153803ff7427f9237986e0588a.jpg,new_dataset\Final Project.v1i.coco\train\P_2266_jpg.rf.fd517f153803ff7427f9237986e0588a.jpg,0,0,0,0
train,524,fp_train_0546.jpg,train,163_jpg.rf.90eac5555d4d5ed798c4d9d2505819ba.jpg,new_dataset\Final Project.v1i.coco\train\163_jpg.rf.90eac5555d4d5ed798c4d9d2505819ba.jpg,0,1,0,0
train,525,fp_train_0547.jpg,train,44_jpg.rf.5168640c902f9a3fd10bea09b8011820.jpg,new_dataset\Final Project.v1i.coco\train\44_jpg.rf.5168640c902f9a3fd10bea09b8011820.jpg,0,1,0,0
train,526,fp_train_0548.jpg,train,117_jpg.rf.cece52186313af1e9119d8b03d337aba.jpg,new_dataset\Final Project.v1i.coco\train\117_jpg.rf.cece52186313af1e9119d8b03d337aba.jpg,0,1,0,0
train,527,fp_train_0549.jpg,train,P_2072_jpg.rf.25c5671c680882cce0d959381f87cfbf.jpg,new_dataset\Final Project.v1i.coco\train\P_2072_jpg.rf.25c5671c680882cce0d959381f87cfbf.jpg,1,1,0,1
train,528,fp_train_0550.jpg,train,27_jpg.rf.398d588b7a05f96a46499d3d9120f78f.jpg,new_dataset\Final Project.v1i.coco\train\27_jpg.rf.398d588b7a05f96a46499d3d9120f78f.jpg,0,0,0,0
train,529,fp_train_0551.jpg,train,N_10059_JPG_JPG.rf.a0f1b183e11cee0b0aaf104af72bbdab.jpg,new_dataset\Final Project.v1i.coco\train\N_10059_JPG_JPG.rf.a0f1b183e11cee0b0aaf104af72bbdab.jpg,1,0,0,1
train,530,fp_train_0552.jpg,valid,2_76_jpg.rf.db3b17882561fedb7691a76584281913.jpg,new_dataset\Final Project.v1i.coco\valid\2_76_jpg.rf.db3b17882561fedb7691a76584281913.jpg,1,1,0,0
valid,531,fp_valid_0126.jpg,valid,P_2074_jpg.rf.4c689a258c44ba6776be1f4cacacf52a.jpg,new_dataset\Final Project.v1i.coco\valid\P_2074_jpg.rf.4c689a258c44ba6776be1f4cacacf52a.jpg,0,1,0,1
test,532,fp_test_0119.jpg,valid,2_56_jpg.rf.57ea868dc2106da9e7d8b86c377af9db.jpg,new_dataset\Final Project.v1i.coco\valid\2_56_jpg.rf.57ea868dc2106da9e7d8b86c377af9db.jpg,0,0,1,0
train,533,fp_train_0553.jpg,valid,P_2240_jpg.rf.43123cdcbb81473848a4f088ad493ac5.jpg,new_dataset\Final Project.v1i.coco\valid\P_2240_jpg.rf.43123cdcbb81473848a4f088ad493ac5.jpg,0,0,0,0
train,534,fp_train_0554.jpg,valid,P_2083_jpg.rf.810892b6252dd30e0876839b4ccbf77f.jpg,new_dataset\Final Project.v1i.coco\valid\P_2083_jpg.rf.810892b6252dd30e0876839b4ccbf77f.jpg,1,0,0,1
train,535,fp_train_0555.jpg,valid,samsung_26_jpg.rf.1f06d7b80e57f11ad3b3cee7e2f85dce.jpg,new_dataset\Final Project.v1i.coco\valid\samsung_26_jpg.rf.1f06d7b80e57f11ad3b3cee7e2f85dce.jpg,0,0,1,0
train,536,fp_train_0556.jpg,valid,2_83_jpg.rf.8b25e099cf61c27dbf8c762dc413586d.jpg,new_dataset\Final Project.v1i.coco\valid\2_83_jpg.rf.8b25e099cf61c27dbf8c762dc413586d.jpg,0,1,1,0
train,536,fp_train_0557.jpg,test,2_87_jpg.rf.0ee52908ba8a588c63ba6317ea6b826f.jpg,new_dataset\Final Project.v1i.coco\test\2_87_jpg.rf.0ee52908ba8a588c63ba6317ea6b826f.jpg,0,0,0,0
test,537,fp_test_0120.jpg,valid,P_2162_jpg.rf.0f0e5f0fdc18c5234a2104710b8c9e7d.jpg,new_dataset\Final Project.v1i.coco\valid\P_2162_jpg.rf.0f0e5f0fdc18c5234a2104710b8c9e7d.jpg,0,0,0,0
train,538,fp_train_0558.jpg,valid,P_2263_jpg.rf.4c7d73434a15af89a7f2d591e23355c6.jpg,new_dataset\Final Project.v1i.coco\valid\P_2263_jpg.rf.4c7d73434a15af89a7f2d591e23355c6.jpg,0,0,0,0
train,539,fp_train_0559.jpg,valid,2_49_jpg.rf.585180bdac697027d0569d7dcff8432f.jpg,new_dataset\Final Project.v1i.coco\valid\2_49_jpg.rf.585180bdac697027d0569d7dcff8432f.jpg,0,1,0,0
train,540,fp_train_0560.jpg,valid,P_2139_jpg.rf.88fa22b7f0bed2112529e44f7636a01e.jpg,new_dataset\Final Project.v1i.coco\valid\P_2139_jpg.rf.88fa22b7f0bed2112529e44f7636a01e.jpg,0,0,0,0
train,541,fp_train_0561.jpg,valid,P_2038_jpg.rf.1b484f096d3674d228ffb6af61342978.jpg,new_dataset\Final Project.v1i.coco\valid\P_2038_jpg.rf.1b484f096d3674d228ffb6af61342978.jpg,1,1,0,1
train,542,fp_train_0562.jpg,valid,P_2169_jpg.rf.f096caf99bafe0b8f9a3792035154724.jpg,new_dataset\Final Project.v1i.coco\valid\P_2169_jpg.rf.f096caf99bafe0b8f9a3792035154724.jpg,0,1,0,1
valid,543,fp_valid_0127.jpg,valid,samsung_37_jpg.rf.6695fa271a7d92d0e56168f8c8a9339f.jpg,new_dataset\Final Project.v1i.coco\valid\samsung_37_jpg.rf.6695fa271a7d92d0e56168f8c8a9339f.jpg,1,0,0,1
train,544,fp_train_0563.jpg,valid,P_2119_jpg.rf.a1ef2899d5434698beb3f47b3717106d.jpg,new_dataset\Final Project.v1i.coco\valid\P_2119_jpg.rf.a1ef2899d5434698beb3f47b3717106d.jpg,1,0,0,0
train,545,fp_train_0564.jpg,valid,P_2109_jpg.rf.64618198ee7517b313218617c535d271.jpg,new_dataset\Final Project.v1i.coco\valid\P_2109_jpg.rf.64618198ee7517b313218617c535d271.jpg,1,0,0,0
test,546,fp_test_0121.jpg,valid,N_1001_JPG_JPG.rf.ab982aeeb8f2b72a62214a2abf2df1b8.jpg,new_dataset\Final Project.v1i.coco\valid\N_1001_JPG_JPG.rf.ab982aeeb8f2b72a62214a2abf2df1b8.jpg,1,0,1,0
test,547,fp_test_0122.jpg,valid,N_10054_JPG_JPG.rf.5d18b9be542e065acd97485a68ba0f39.jpg,new_dataset\Final Project.v1i.coco\valid\N_10054_JPG_JPG.rf.5d18b9be542e065acd97485a68ba0f39.jpg,1,1,0,0
train,548,fp_train_0565.jpg,valid,P_2115_jpg.rf.00b71e47ee42efaf31d31bd760546363.jpg,new_dataset\Final Project.v1i.coco\valid\P_2115_jpg.rf.00b71e47ee42efaf31d31bd760546363.jpg,0,1,0,0
train,549,fp_train_0566.jpg,valid,P_2149_jpg.rf.64c430c23be826a64ed888c732ccfd37.jpg,new_dataset\Final Project.v1i.coco\valid\P_2149_jpg.rf.64c430c23be826a64ed888c732ccfd37.jpg,1,0,0,1
train,550,fp_train_0567.jpg,valid,2_3_jpg.rf.0b80980793a6f044b4b0d413aadfa1b0.jpg,new_dataset\Final Project.v1i.coco\valid\2_3_jpg.rf.0b80980793a6f044b4b0d413aadfa1b0.jpg,1,0,0,0
train,551,fp_train_0568.jpg,valid,2_30_jpg.rf.46319635e881ada26f9860f6640b4490.jpg,new_dataset\Final Project.v1i.coco\valid\2_30_jpg.rf.46319635e881ada26f9860f6640b4490.jpg,0,0,0,0
valid,552,fp_valid_0128.jpg,valid,P_2081_jpg.rf.3237e82333563d059d8991edfa13bd5a.jpg,new_dataset\Final Project.v1i.coco\valid\P_2081_jpg.rf.3237e82333563d059d8991edfa13bd5a.jpg,0,0,1,0
train,553,fp_train_0569.jpg,valid,samsung_40_jpg.rf.09f173c7599621d053e167eafbcd9019.jpg,new_dataset\Final Project.v1i.coco\valid\samsung_40_jpg.rf.09f173c7599621d053e167eafbcd9019.jpg,1,1,0,0
train,554,fp_train_0570.jpg,valid,2_153_jpg.rf.a831107cca7f33c32f7d3ca5c3045338.jpg,new_dataset\Final Project.v1i.coco\valid\2_153_jpg.rf.a831107cca7f33c32f7d3ca5c3045338.jpg,0,0,0,0
train,555,fp_train_0571.jpg,valid,P_2005_jpg.rf.9295e9a137031651b6293a4ec43539aa.jpg,new_dataset\Final Project.v1i.coco\valid\P_2005_jpg.rf.9295e9a137031651b6293a4ec43539aa.jpg,0,1,0,0
train,556,fp_train_0572.jpg,valid,P_2237_jpg.rf.40ee734dd299af948c3a07ea7ee98082.jpg,new_dataset\Final Project.v1i.coco\valid\P_2237_jpg.rf.40ee734dd299af948c3a07ea7ee98082.jpg,0,0,0,1
train,557,fp_train_0573.jpg,valid,N_10057_JPG_JPG.rf.f1c9540ba0b0d7859cf4cc52e7e6a1a1.jpg,new_dataset\Final Project.v1i.coco\valid\N_10057_JPG_JPG.rf.f1c9540ba0b0d7859cf4cc52e7e6a1a1.jpg,1,0,0,1
test,558,fp_test_0123.jpg,valid,P_2065_jpg.rf.cf6ad0bb73ba273fbfd41eb4fb527d4a.jpg,new_dataset\Final Project.v1i.coco\valid\P_2065_jpg.rf.cf6ad0bb73ba273fbfd41eb4fb527d4a.jpg,1,1,0,1
train,559,fp_train_0574.jpg,valid,samsung_70_jpg.rf.402985c3765c68ede7517d4d5ea10a2b.jpg,new_dataset\Final Project.v1i.coco\valid\samsung_70_jpg.rf.402985c3765c68ede7517d4d5ea10a2b.jpg,1,0,0,1
train,560,fp_train_0575.jpg,valid,samsung_10_jpg.rf.3604b6018d8abc6601b49783d830405d.jpg,new_dataset\Final Project.v1i.coco\valid\samsung_10_jpg.rf.3604b6018d8abc6601b49783d830405d.jpg,1,0,0,0
train,561,fp_train_0576.jpg,valid,P_2194_jpg.rf.0f03ad9ebc6ed246a67f2b5cab6a91dc.jpg,new_dataset\Final Project.v1i.coco\valid\P_2194_jpg.rf.0f03ad9ebc6ed246a67f2b5cab6a91dc.jpg,0,0,0,0
test,562,fp_test_0124.jpg,valid,P_2058_jpg.rf.e26405188dcac5b2dd8f530923658cc5.jpg,new_dataset\Final Project.v1i.coco\valid\P_2058_jpg.rf.e26405188dcac5b2dd8f530923658cc5.jpg,1,1,0,1
train,563,fp_train_0577.jpg,valid,P_2191_jpg.rf.04ad47807d6bbabe878415c29fd2628f.jpg,new_dataset\Final Project.v1i.coco\valid\P_2191_jpg.rf.04ad47807d6bbabe878415c29fd2628f.jpg,0,1,0,0
test,564,fp_test_0125.jpg,valid,N_1087_JPG_JPG.rf.fa0f1b23f79ba7a11bd5970808a251db.jpg,new_dataset\Final Project.v1i.coco\valid\N_1087_JPG_JPG.rf.fa0f1b23f79ba7a11bd5970808a251db.jpg,0,0,0,1
train,565,fp_train_0578.jpg,valid,N_1028_JPG_JPG.rf.607d55ef625e6d71301c9bf31b9349a8.jpg,new_dataset\Final Project.v1i.coco\valid\N_1028_JPG_JPG.rf.607d55ef625e6d71301c9bf31b9349a8.jpg,1,1,0,1
train,566,fp_train_0579.jpg,valid,90_jpg.rf.21cecef89ce4e7a29f305e0aba1d81ca.jpg,new_dataset\Final Project.v1i.coco\valid\90_jpg.rf.21cecef89ce4e7a29f305e0aba1d81ca.jpg,0,0,0,0
train,567,fp_train_0580.jpg,valid,N_1007_JPG_JPG.rf.b109e76312d40e64061d85f2a8219160.jpg,new_dataset\Final Project.v1i.coco\valid\N_1007_JPG_JPG.rf.b109e76312d40e64061d85f2a8219160.jpg,1,0,0,0
train,568,fp_train_0581.jpg,valid,P_2165_jpg.rf.5ddf76dfbe8c0de9fe81f14afa512b29.jpg,new_dataset\Final Project.v1i.coco\valid\P_2165_jpg.rf.5ddf76dfbe8c0de9fe81f14afa512b29.jpg,0,0,0,1
train,569,fp_train_0582.jpg,valid,P_2016_jpg.rf.8ca8cd3b002a9aaca0f36e152f895804.jpg,new_dataset\Final Project.v1i.coco\valid\P_2016_jpg.rf.8ca8cd3b002a9aaca0f36e152f895804.jpg,1,0,0,0
train,570,fp_train_0583.jpg,valid,samsung_59_jpg.rf.91cfbc1134554c2c56d049abd86fbc93.jpg,new_dataset\Final Project.v1i.coco\valid\samsung_59_jpg.rf.91cfbc1134554c2c56d049abd86fbc93.jpg,1,1,0,0
train,571,fp_train_0584.jpg,valid,N_10005_JPG_JPG.rf.e1650f0a5ed542b3a4e966d02b12d0b8.jpg,new_dataset\Final Project.v1i.coco\valid\N_10005_JPG_JPG.rf.e1650f0a5ed542b3a4e966d02b12d0b8.jpg,1,0,0,1
train,572,fp_train_0585.jpg,valid,2_55_jpg.rf.586f1204bc122784598ca18d99dda8ab.jpg,new_dataset\Final Project.v1i.coco\valid\2_55_jpg.rf.586f1204bc122784598ca18d99dda8ab.jpg,0,0,0,0
test,573,fp_test_0126.jpg,valid,N_1095_JPG_JPG.rf.38f0a7f2644869a09a6261a6faf38bc4.jpg,new_dataset\Final Project.v1i.coco\valid\N_1095_JPG_JPG.rf.38f0a7f2644869a09a6261a6faf38bc4.jpg,0,0,1,0
train,574,fp_train_0586.jpg,valid,P_2103_jpg.rf.93b2be9563857b0b750e72f2d2793bf8.jpg,new_dataset\Final Project.v1i.coco\valid\P_2103_jpg.rf.93b2be9563857b0b750e72f2d2793bf8.jpg,1,0,0,0
train,575,fp_train_0587.jpg,valid,P_2185_jpg.rf.20193cea614ca24de77c93f46f6ebbd9.jpg,new_dataset\Final Project.v1i.coco\valid\P_2185_jpg.rf.20193cea614ca24de77c93f46f6ebbd9.jpg,1,0,0,0
valid,576,fp_valid_0129.jpg,valid,P_2051_jpg.rf.dd8327d4e9b2df63691a5df04aace311.jpg,new_dataset\Final Project.v1i.coco\valid\P_2051_jpg.rf.dd8327d4e9b2df63691a5df04aace311.jpg,0,1,0,1
test,577,fp_test_0127.jpg,valid,samsung_81_jpg.rf.9203757274282538dfd093399bf3a555.jpg,new_dataset\Final Project.v1i.coco\valid\samsung_81_jpg.rf.9203757274282538dfd093399bf3a555.jpg,0,0,0,1
train,578,fp_train_0588.jpg,valid,P_2173_jpg.rf.c84576c48a21f52cdd2942489ee3e124.jpg,new_dataset\Final Project.v1i.coco\valid\P_2173_jpg.rf.c84576c48a21f52cdd2942489ee3e124.jpg,0,1,1,1
train,579,fp_train_0589.jpg,valid,8_jpg.rf.9a4f6ac6654d40aa49e9f4c907cb99cc.jpg,new_dataset\Final Project.v1i.coco\valid\8_jpg.rf.9a4f6ac6654d40aa49e9f4c907cb99cc.jpg,0,0,0,0
train,580,fp_train_0590.jpg,valid,samsung_82_jpg.rf.667caab7fc4d48a0a925e5ec58ed3d9b.jpg,new_dataset\Final Project.v1i.coco\valid\samsung_82_jpg.rf.667caab7fc4d48a0a925e5ec58ed3d9b.jpg,0,0,0,0
train,581,fp_train_0591.jpg,valid,15_jpg.rf.ac68f35b21df72fa632965f4fcbb92e0.jpg,new_dataset\Final Project.v1i.coco\valid\15_jpg.rf.ac68f35b21df72fa632965f4fcbb92e0.jpg,0,1,0,1
train,582,fp_train_0592.jpg,valid,samsung_30_jpg.rf.3df7fe68a851bc5e6a8bc087fbb6b645.jpg,new_dataset\Final Project.v1i.coco\valid\samsung_30_jpg.rf.3df7fe68a851bc5e6a8bc087fbb6b645.jpg,1,0,0,0
train,583,fp_train_0593.jpg,valid,2_20_jpg.rf.c28df5c0922776d9b8ed56d86b77f5ec.jpg,new_dataset\Final Project.v1i.coco\valid\2_20_jpg.rf.c28df5c0922776d9b8ed56d86b77f5ec.jpg,0,0,0,1
train,584,fp_train_0594.jpg,valid,N_10060_JPG_JPG.rf.87ad5499826a14e3dad057489cc62e8d.jpg,new_dataset\Final Project.v1i.coco\valid\N_10060_JPG_JPG.rf.87ad5499826a14e3dad057489cc62e8d.jpg,1,0,1,1
train,585,fp_train_0595.jpg,valid,P_2151_jpg.rf.7069e9b0937ed5abfa615d5e8054089c.jpg,new_dataset\Final Project.v1i.coco\valid\P_2151_jpg.rf.7069e9b0937ed5abfa615d5e8054089c.jpg,0,0,0,1
train,586,fp_train_0596.jpg,valid,2_21_jpg.rf.f658d02e08e6297f9425ac4b3804898e.jpg,new_dataset\Final Project.v1i.coco\valid\2_21_jpg.rf.f658d02e08e6297f9425ac4b3804898e.jpg,1,1,0,0
valid,587,fp_valid_0130.jpg,valid,198_jpg.rf.0fb7cb51b177225b13d5050dbea8ad6f.jpg,new_dataset\Final Project.v1i.coco\valid\198_jpg.rf.0fb7cb51b177225b13d5050dbea8ad6f.jpg,0,0,0,0
train,588,fp_train_0597.jpg,valid,P_2144_jpg.rf.d2df981693b7507791f8ba0558a0feb5.jpg,new_dataset\Final Project.v1i.coco\valid\P_2144_jpg.rf.d2df981693b7507791f8ba0558a0feb5.jpg,1,0,0,1
train,589,fp_train_0598.jpg,valid,N_1059_JPG_JPG.rf.6674996002f27648624ec28ec536fe44.jpg,new_dataset\Final Project.v1i.coco\valid\N_1059_JPG_JPG.rf.6674996002f27648624ec28ec536fe44.jpg,1,0,0,1
valid,590,fp_valid_0131.jpg,valid,48_jpg.rf.c8693c9a11a8702bd98710835c7f87f2.jpg,new_dataset\Final Project.v1i.coco\valid\48_jpg.rf.c8693c9a11a8702bd98710835c7f87f2.jpg,0,0,0,1
train,591,fp_train_0599.jpg,valid,N_10022_JPG_JPG.rf.13bbafef984927cb1fcc5bfdb6f831e6.jpg,new_dataset\Final Project.v1i.coco\valid\N_10022_JPG_JPG.rf.13bbafef984927cb1fcc5bfdb6f831e6.jpg,0,0,0,0
train,592,fp_train_0600.jpg,valid,N_10076_JPG_JPG.rf.d82d7ad21616155e968801c4fc8c6c70.jpg,new_dataset\Final Project.v1i.coco\valid\N_10076_JPG_JPG.rf.d82d7ad21616155e968801c4fc8c6c70.jpg,1,0,0,0
train,593,fp_train_0601.jpg,valid,99_jpg.rf.3ffd72ff7fee2a96a58ef706827a4450.jpg,new_dataset\Final Project.v1i.coco\valid\99_jpg.rf.3ffd72ff7fee2a96a58ef706827a4450.jpg,0,1,0,1
train,594,fp_train_0602.jpg,valid,P_2214_jpg.rf.1ac4847e7f14f02d49f307b1c2f30170.jpg,new_dataset\Final Project.v1i.coco\valid\P_2214_jpg.rf.1ac4847e7f14f02d49f307b1c2f30170.jpg,0,0,0,0
train,595,fp_train_0603.jpg,valid,N_1067_JPG_JPG.rf.b9397f78884c0c55899415d55c155f49.jpg,new_dataset\Final Project.v1i.coco\valid\N_1067_JPG_JPG.rf.b9397f78884c0c55899415d55c155f49.jpg,1,0,0,0
valid,596,fp_valid_0132.jpg,valid,P_2157_jpg.rf.1658ecfae803adf9c61eae57e7c8a2d3.jpg,new_dataset\Final Project.v1i.coco\valid\P_2157_jpg.rf.1658ecfae803adf9c61eae57e7c8a2d3.jpg,1,1,0,1
valid,597,fp_valid_0133.jpg,valid,P_2004_jpg.rf.204be36ab5cbbd5ad3936bbcab7f2b90.jpg,new_dataset\Final Project.v1i.coco\valid\P_2004_jpg.rf.204be36ab5cbbd5ad3936bbcab7f2b90.jpg,0,1,0,0
train,598,fp_train_0604.jpg,valid,P_2204_jpg.rf.e42bb005e22313fc09bbff286c9cc7f1.jpg,new_dataset\Final Project.v1i.coco\valid\P_2204_jpg.rf.e42bb005e22313fc09bbff286c9cc7f1.jpg,0,0,0,0
train,599,fp_train_0605.jpg,valid,P_2084_jpg.rf.67a181f880e8676dec97ed2ed784639d.jpg,new_dataset\Final Project.v1i.coco\valid\P_2084_jpg.rf.67a181f880e8676dec97ed2ed784639d.jpg,0,0,0,0
train,600,fp_train_0606.jpg,valid,N_1078_JPG_JPG.rf.5ad8191ca98d308894d6dc27ca2cee3a.jpg,new_dataset\Final Project.v1i.coco\valid\N_1078_JPG_JPG.rf.5ad8191ca98d308894d6dc27ca2cee3a.jpg,1,0,0,0
train,601,fp_train_0607.jpg,valid,N_10015_JPG_JPG.rf.3efed3df08befb3f94a053190180cc84.jpg,new_dataset\Final Project.v1i.coco\valid\N_10015_JPG_JPG.rf.3efed3df08befb3f94a053190180cc84.jpg,1,0,0,1
test,602,fp_test_0128.jpg,valid,2_120_jpg.rf.991405439c359a10b5010e85bdfdec82.jpg,new_dataset\Final Project.v1i.coco\valid\2_120_jpg.rf.991405439c359a10b5010e85bdfdec82.jpg,0,1,0,0
valid,603,fp_valid_0134.jpg,valid,samsung_2_jpg.rf.384057e614163408e269780960136893.jpg,new_dataset\Final Project.v1i.coco\valid\samsung_2_jpg.rf.384057e614163408e269780960136893.jpg,0,0,0,0
train,604,fp_train_0608.jpg,valid,N_10034_JPG_JPG.rf.9a451cd107e2181b208f73e1e40d401d.jpg,new_dataset\Final Project.v1i.coco\valid\N_10034_JPG_JPG.rf.9a451cd107e2181b208f73e1e40d401d.jpg,1,0,1,1
train,605,fp_train_0609.jpg,valid,P_2105_jpg.rf.e8fcd07b3933fb77adec37332fb03a1b.jpg,new_dataset\Final Project.v1i.coco\valid\P_2105_jpg.rf.e8fcd07b3933fb77adec37332fb03a1b.jpg,0,1,0,0
train,606,fp_train_0610.jpg,valid,205_jpg.rf.60e1ab143008eda3e4b30206e3b41ca4.jpg,new_dataset\Final Project.v1i.coco\valid\205_jpg.rf.60e1ab143008eda3e4b30206e3b41ca4.jpg,0,0,0,0
train,607,fp_train_0611.jpg,valid,N_1026_JPG_JPG.rf.676c820a603d551a04b60fb6eccfa14d.jpg,new_dataset\Final Project.v1i.coco\valid\N_1026_JPG_JPG.rf.676c820a603d551a04b60fb6eccfa14d.jpg,1,0,0,1
train,608,fp_train_0612.jpg,valid,N_1070_JPG_JPG.rf.53fb133d407925805ad5b8db75a3a2ba.jpg,new_dataset\Final Project.v1i.coco\valid\N_1070_JPG_JPG.rf.53fb133d407925805ad5b8db75a3a2ba.jpg,1,0,0,0
train,609,fp_train_0613.jpg,valid,P_2231_jpg.rf.2defeed56eee5658ce93df814f49029a.jpg,new_dataset\Final Project.v1i.coco\valid\P_2231_jpg.rf.2defeed56eee5658ce93df814f49029a.jpg,1,0,0,1
test,610,fp_test_0129.jpg,valid,P_2063_jpg.rf.c3637decbfc2f170a4eb9538ff5fb9f6.jpg,new_dataset\Final Project.v1i.coco\valid\P_2063_jpg.rf.c3637decbfc2f170a4eb9538ff5fb9f6.jpg,1,1,0,1
train,611,fp_train_0614.jpg,valid,45_jpg.rf.3f7813af12b673ed7b958ed420d9994b.jpg,new_dataset\Final Project.v1i.coco\valid\45_jpg.rf.3f7813af12b673ed7b958ed420d9994b.jpg,0,1,0,0
train,612,fp_train_0615.jpg,valid,N_1000_JPG_JPG.rf.e89375fcabc8b1d33cd44d19c2c38d90.jpg,new_dataset\Final Project.v1i.coco\valid\N_1000_JPG_JPG.rf.e89375fcabc8b1d33cd44d19c2c38d90.jpg,1,0,1,0
train,613,fp_train_0616.jpg,valid,2_195_jpg.rf.349a0a88192e652c3ec829ec133d5d63.jpg,new_dataset\Final Project.v1i.coco\valid\2_195_jpg.rf.349a0a88192e652c3ec829ec133d5d63.jpg,1,1,0,0
train,614,fp_train_0617.jpg,valid,P_2116_jpg.rf.8073bd075325bab047f97ecf5b167ef8.jpg,new_dataset\Final Project.v1i.coco\valid\P_2116_jpg.rf.8073bd075325bab047f97ecf5b167ef8.jpg,1,1,0,1
train,615,fp_train_0618.jpg,valid,P_2006_jpg.rf.7947680416853d5edcd646cde6471cd5.jpg,new_dataset\Final Project.v1i.coco\valid\P_2006_jpg.rf.7947680416853d5edcd646cde6471cd5.jpg,1,1,0,0
train,616,fp_train_0619.jpg,valid,P_2242_jpg.rf.15c9dcc6600d22b5704cb82c527dd0fa.jpg,new_dataset\Final Project.v1i.coco\valid\P_2242_jpg.rf.15c9dcc6600d22b5704cb82c527dd0fa.jpg,0,0,1,1
valid,617,fp_valid_0135.jpg,valid,N_1066_JPG_JPG.rf.d16facdb4f5bd2f9c8af76f22cc8272c.jpg,new_dataset\Final Project.v1i.coco\valid\N_1066_JPG_JPG.rf.d16facdb4f5bd2f9c8af76f22cc8272c.jpg,1,0,0,0
test,618,fp_test_0130.jpg,valid,P_2218_jpg.rf.4d7a14666c84deafc93540d1e18beb0d.jpg,new_dataset\Final Project.v1i.coco\valid\P_2218_jpg.rf.4d7a14666c84deafc93540d1e18beb0d.jpg,0,1,0,0
train,619,fp_train_0620.jpg,valid,N_10073_JPG_JPG.rf.16d981ae7b7de7158d656168ba26140c.jpg,new_dataset\Final Project.v1i.coco\valid\N_10073_JPG_JPG.rf.16d981ae7b7de7158d656168ba26140c.jpg,0,1,0,0
valid,620,fp_valid_0136.jpg,valid,2_12_jpg.rf.ae9b8c71ebc113589d25d4648cbec891.jpg,new_dataset\Final Project.v1i.coco\valid\2_12_jpg.rf.ae9b8c71ebc113589d25d4648cbec891.jpg,0,1,1,0
valid,621,fp_valid_0137.jpg,valid,samsung_74_jpg.rf.4cc2ecacd8af593ebe3e580aa2807bcf.jpg,new_dataset\Final Project.v1i.coco\valid\samsung_74_jpg.rf.4cc2ecacd8af593ebe3e580aa2807bcf.jpg,1,0,0,1
train,622,fp_train_0621.jpg,valid,P_2186_jpg.rf.750ee32e72f6a3b90562d1ec37509661.jpg,new_dataset\Final Project.v1i.coco\valid\P_2186_jpg.rf.750ee32e72f6a3b90562d1ec37509661.jpg,0,0,0,1
valid,623,fp_valid_0138.jpg,valid,P_2133_jpg.rf.b01283175aad65323b3618573a818a74.jpg,new_dataset\Final Project.v1i.coco\valid\P_2133_jpg.rf.b01283175aad65323b3618573a818a74.jpg,0,1,0,1
train,624,fp_train_0622.jpg,valid,N_10019_JPG_JPG.rf.6648374b640390e9979a367be182a734.jpg,new_dataset\Final Project.v1i.coco\valid\N_10019_JPG_JPG.rf.6648374b640390e9979a367be182a734.jpg,1,0,0,1
train,625,fp_train_0623.jpg,valid,N_1071_JPG_JPG.rf.8423734f52b96d13249265b6c9638b19.jpg,new_dataset\Final Project.v1i.coco\valid\N_1071_JPG_JPG.rf.8423734f52b96d13249265b6c9638b19.jpg,0,0,0,0
train,626,fp_train_0624.jpg,valid,N_1019_JPG_JPG.rf.b7c84129bc54b3136e39e9650a1f608b.jpg,new_dataset\Final Project.v1i.coco\valid\N_1019_JPG_JPG.rf.b7c84129bc54b3136e39e9650a1f608b.jpg,1,0,0,1
train,627,fp_train_0625.jpg,valid,N_10052_JPG_JPG.rf.de283222957b83d13c6113fbce3d5ccb.jpg,new_dataset\Final Project.v1i.coco\valid\N_10052_JPG_JPG.rf.de283222957b83d13c6113fbce3d5ccb.jpg,0,0,0,0
train,628,fp_train_0626.jpg,valid,P_2229_jpg.rf.97b0a79d56816234d5ea15a56ab521e9.jpg,new_dataset\Final Project.v1i.coco\valid\P_2229_jpg.rf.97b0a79d56816234d5ea15a56ab521e9.jpg,0,0,0,0
valid,629,fp_valid_0139.jpg,valid,P_2172_jpg.rf.f6ad090d66112d6190eeea99534425f0.jpg,new_dataset\Final Project.v1i.coco\valid\P_2172_jpg.rf.f6ad090d66112d6190eeea99534425f0.jpg,1,0,0,0
train,630,fp_train_0627.jpg,valid,P_2070_jpg.rf.8baf7cfaeaddb28fe8e3c855f9a91ba7.jpg,new_dataset\Final Project.v1i.coco\valid\P_2070_jpg.rf.8baf7cfaeaddb28fe8e3c855f9a91ba7.jpg,0,0,0,1
train,631,fp_train_0628.jpg,valid,P_2147_jpg.rf.ee16dc9df4f672cfc52b6622181624ca.jpg,new_dataset\Final Project.v1i.coco\valid\P_2147_jpg.rf.ee16dc9df4f672cfc52b6622181624ca.jpg,0,0,0,1
test,632,fp_test_0131.jpg,valid,P_2262_jpg.rf.ca2821974f37da97b413a44a0d037478.jpg,new_dataset\Final Project.v1i.coco\valid\P_2262_jpg.rf.ca2821974f37da97b413a44a0d037478.jpg,0,1,0,0
train,633,fp_train_0629.jpg,valid,N_1010_JPG_JPG.rf.b1468644e342800fe64de1dcfb0c9f91.jpg,new_dataset\Final Project.v1i.coco\valid\N_1010_JPG_JPG.rf.b1468644e342800fe64de1dcfb0c9f91.jpg,1,0,0,1
train,634,fp_train_0630.jpg,valid,P_2193_jpg.rf.c2689ef9b0b084c1b4d42f424f90f74a.jpg,new_dataset\Final Project.v1i.coco\valid\P_2193_jpg.rf.c2689ef9b0b084c1b4d42f424f90f74a.jpg,0,1,0,0
test,635,fp_test_0132.jpg,valid,2_1_jpg.rf.77a937d2bfed80952e6354a0d02ccefa.jpg,new_dataset\Final Project.v1i.coco\valid\2_1_jpg.rf.77a937d2bfed80952e6354a0d02ccefa.jpg,1,1,0,0
test,635,fp_test_0133.jpg,test,2_5_jpg.rf.6f7c67247d3a9cfe189d8356143a14d9.jpg,new_dataset\Final Project.v1i.coco\test\2_5_jpg.rf.6f7c67247d3a9cfe189d8356143a14d9.jpg,1,1,0,0
test,635,fp_test_0134.jpg,test,2_7_jpg.rf.c4b4a73d2e9f94922fb418d03bcd1eec.jpg,new_dataset\Final Project.v1i.coco\test\2_7_jpg.rf.c4b4a73d2e9f94922fb418d03bcd1eec.jpg,0,1,0,0
train,636,fp_train_0631.jpg,valid,P_2213_jpg.rf.c884c73f0cb4c1ef8031f8e0e7926414.jpg,new_dataset\Final Project.v1i.coco\valid\P_2213_jpg.rf.c884c73f0cb4c1ef8031f8e0e7926414.jpg,0,0,0,0
test,637,fp_test_0135.jpg,valid,samsung_45_jpg.rf.cfdc3421d9c11d44e162b9440b84add3.jpg,new_dataset\Final Project.v1i.coco\valid\samsung_45_jpg.rf.cfdc3421d9c11d44e162b9440b84add3.jpg,1,1,0,0
train,638,fp_train_0632.jpg,valid,P_101X_jpg.rf.2c0f47d818f4ee24db65f694bb25c108.jpg,new_dataset\Final Project.v1i.coco\valid\P_101X_jpg.rf.2c0f47d818f4ee24db65f694bb25c108.jpg,1,1,0,0
train,639,fp_train_0633.jpg,valid,2_110_jpg.rf.99e0db8ee268299e9be68a1fd3be0587.jpg,new_dataset\Final Project.v1i.coco\valid\2_110_jpg.rf.99e0db8ee268299e9be68a1fd3be0587.jpg,0,1,0,0
train,640,fp_train_0634.jpg,valid,33_jpg.rf.531b6d3bde801943b49e418ac4c75791.jpg,new_dataset\Final Project.v1i.coco\valid\33_jpg.rf.531b6d3bde801943b49e418ac4c75791.jpg,0,0,0,0
train,641,fp_train_0635.jpg,valid,N_1044_JPG_JPG.rf.bf15f9104f517fcc0d9b4b784b6717e9.jpg,new_dataset\Final Project.v1i.coco\valid\N_1044_JPG_JPG.rf.bf15f9104f517fcc0d9b4b784b6717e9.jpg,1,0,0,1
train,642,fp_train_0636.jpg,valid,P_2190_jpg.rf.f0d7d30362f0a057957d35ec4d5a7941.jpg,new_dataset\Final Project.v1i.coco\valid\P_2190_jpg.rf.f0d7d30362f0a057957d35ec4d5a7941.jpg,0,0,0,0
train,643,fp_train_0637.jpg,valid,P_2254_jpg.rf.fccb81317622462eb76edc17aef2c4bf.jpg,new_dataset\Final Project.v1i.coco\valid\P_2254_jpg.rf.fccb81317622462eb76edc17aef2c4bf.jpg,0,1,1,1
train,644,fp_train_0638.jpg,valid,P_2164_jpg.rf.310886c87741adcac389db5cab3b1b6b.jpg,new_dataset\Final Project.v1i.coco\valid\P_2164_jpg.rf.310886c87741adcac389db5cab3b1b6b.jpg,0,0,1,1
train,645,fp_train_0639.jpg,valid,P_2075_jpg.rf.9caf40ebb19092a3dab77827d2623cab.jpg,new_dataset\Final Project.v1i.coco\valid\P_2075_jpg.rf.9caf40ebb19092a3dab77827d2623cab.jpg,1,1,0,1
valid,646,fp_valid_0140.jpg,valid,2_50_jpg.rf.2d222f7dfcbd7059a8872221e25b089f.jpg,new_dataset\Final Project.v1i.coco\valid\2_50_jpg.rf.2d222f7dfcbd7059a8872221e25b089f.jpg,0,0,0,0
test,647,fp_test_0136.jpg,valid,P_2245_jpg.rf.0c90a91190f36ae9beca4cfab4ce239d.jpg,new_dataset\Final Project.v1i.coco\valid\P_2245_jpg.rf.0c90a91190f36ae9beca4cfab4ce239d.jpg,0,0,0,0
test,648,fp_test_0137.jpg,valid,P_2261_jpg.rf.4caf605befdb892c5755710c71a4d2a2.jpg,new_dataset\Final Project.v1i.coco\valid\P_2261_jpg.rf.4caf605befdb892c5755710c71a4d2a2.jpg,1,1,1,0
train,649,fp_train_0640.jpg,valid,P_2124_jpg.rf.b5f9c1adfcc2da7a726c16e1cd50006e.jpg,new_dataset\Final Project.v1i.coco\valid\P_2124_jpg.rf.b5f9c1adfcc2da7a726c16e1cd50006e.jpg,1,0,0,1
test,650,fp_test_0138.jpg,valid,N_10047_JPG_JPG.rf.9266175383d918e7f5055b38f902e2e6.jpg,new_dataset\Final Project.v1i.coco\valid\N_10047_JPG_JPG.rf.9266175383d918e7f5055b38f902e2e6.jpg,1,0,0,0
train,651,fp_train_0641.jpg,valid,N_1005_JPG_JPG.rf.3ac6affdd0fc4cc474ff0cb021656d2a.jpg,new_dataset\Final Project.v1i.coco\valid\N_1005_JPG_JPG.rf.3ac6affdd0fc4cc474ff0cb021656d2a.jpg,1,0,0,0
train,652,fp_train_0642.jpg,test,105_jpg.rf.3567bae054d3b65b66038f3c7defc14e.jpg,new_dataset\Final Project.v1i.coco\test\105_jpg.rf.3567bae054d3b65b66038f3c7defc14e.jpg,0,1,0,0
test,653,fp_test_0139.jpg,test,samsung_36_jpg.rf.b74ab8f4c95fed7e57e41e4a33726724.jpg,new_dataset\Final Project.v1i.coco\test\samsung_36_jpg.rf.b74ab8f4c95fed7e57e41e4a33726724.jpg,1,0,0,0
test,654,fp_test_0140.jpg,test,P_2130_jpg.rf.5db282bbaeba3d5cccc56b8e938c5d6c.jpg,new_dataset\Final Project.v1i.coco\test\P_2130_jpg.rf.5db282bbaeba3d5cccc56b8e938c5d6c.jpg,0,0,0,0
train,655,fp_train_0643.jpg,test,P_2126_jpg.rf.b6e9f63eb571f79251711d3cee74821c.jpg,new_dataset\Final Project.v1i.coco\test\P_2126_jpg.rf.b6e9f63eb571f79251711d3cee74821c.jpg,1,1,0,1
train,656,fp_train_0644.jpg,test,P_2137_jpg.rf.ff73d664e584616775d9aabbabc07b75.jpg,new_dataset\Final Project.v1i.coco\test\P_2137_jpg.rf.ff73d664e584616775d9aabbabc07b75.jpg,1,0,0,1
train,657,fp_train_0645.jpg,test,P_2086_jpg.rf.001456fcb5cba7e2f629205f447271aa.jpg,new_dataset\Final Project.v1i.coco\test\P_2086_jpg.rf.001456fcb5cba7e2f629205f447271aa.jpg,0,0,0,1
train,658,fp_train_0646.jpg,test,P_2009_jpg.rf.c5790b01f2e9d97a637fe6c416509f2b.jpg,new_dataset\Final Project.v1i.coco\test\P_2009_jpg.rf.c5790b01f2e9d97a637fe6c416509f2b.jpg,1,0,0,0
train,659,fp_train_0647.jpg,test,2_48_jpg.rf.686e17ff84ade5d9dfbfd91f495c33d8.jpg,new_dataset\Final Project.v1i.coco\test\2_48_jpg.rf.686e17ff84ade5d9dfbfd91f495c33d8.jpg,0,1,0,0
train,660,fp_train_0648.jpg,test,P_2209_jpg.rf.8fb50b688749dff2181c198c8980f8d7.jpg,new_dataset\Final Project.v1i.coco\test\P_2209_jpg.rf.8fb50b688749dff2181c198c8980f8d7.jpg,0,0,0,0
train,661,fp_train_0649.jpg,test,N_10011_JPG_JPG.rf.7275e9c571f4ee653428fcccd4dcc5cb.jpg,new_dataset\Final Project.v1i.coco\test\N_10011_JPG_JPG.rf.7275e9c571f4ee653428fcccd4dcc5cb.jpg,1,0,0,1
train,662,fp_train_0650.jpg,test,P_2142_jpg.rf.14b1da80ae63dc3a2ce6db79608af896.jpg,new_dataset\Final Project.v1i.coco\test\P_2142_jpg.rf.14b1da80ae63dc3a2ce6db79608af896.jpg,0,0,0,1
train,663,fp_train_0651.jpg,test,N_1055_JPG_JPG.rf.8b5f922b1c34359888ede39ae204b837.jpg,new_dataset\Final Project.v1i.coco\test\N_1055_JPG_JPG.rf.8b5f922b1c34359888ede39ae204b837.jpg,0,1,0,1
train,664,fp_train_0652.jpg,test,N_10043_JPG_JPG.rf.3a30ebe2fb75b74b550d25850607e31b.jpg,new_dataset\Final Project.v1i.coco\test\N_10043_JPG_JPG.rf.3a30ebe2fb75b74b550d25850607e31b.jpg,1,1,0,0
train,665,fp_train_0653.jpg,test,P_2132_jpg.rf.d9fd6d239c5d16747692552c7bed6b4b.jpg,new_dataset\Final Project.v1i.coco\test\P_2132_jpg.rf.d9fd6d239c5d16747692552c7bed6b4b.jpg,0,0,1,0
train,666,fp_train_0654.jpg,test,P_2143_jpg.rf.481b48f0c79ab1bbfa9ec05aebe3deb1.jpg,new_dataset\Final Project.v1i.coco\test\P_2143_jpg.rf.481b48f0c79ab1bbfa9ec05aebe3deb1.jpg,0,0,0,1
valid,667,fp_valid_0141.jpg,test,P_2207_jpg.rf.c0d91d06d562cf3eaf6a0d4871bd4ceb.jpg,new_dataset\Final Project.v1i.coco\test\P_2207_jpg.rf.c0d91d06d562cf3eaf6a0d4871bd4ceb.jpg,0,1,0,0
valid,668,fp_valid_0142.jpg,test,P_2091_jpg.rf.4811d1b874acbec06514e17231a00ee8.jpg,new_dataset\Final Project.v1i.coco\test\P_2091_jpg.rf.4811d1b874acbec06514e17231a00ee8.jpg,1,1,0,1
train,669,fp_train_0655.jpg,test,113_jpg.rf.5e0e05a63a174a8109901d63ed2c3d9e.jpg,new_dataset\Final Project.v1i.coco\test\113_jpg.rf.5e0e05a63a174a8109901d63ed2c3d9e.jpg,0,0,0,0
train,670,fp_train_0656.jpg,test,2_91_jpg.rf.3f51154d7a60fd3c2caaf1e6050e3bf0.jpg,new_dataset\Final Project.v1i.coco\test\2_91_jpg.rf.3f51154d7a60fd3c2caaf1e6050e3bf0.jpg,0,1,0,0
train,671,fp_train_0657.jpg,test,2_8_jpg.rf.69546710b0cc39f4f76b1373d49dcae2.jpg,new_dataset\Final Project.v1i.coco\test\2_8_jpg.rf.69546710b0cc39f4f76b1373d49dcae2.jpg,0,1,0,1
train,672,fp_train_0658.jpg,test,P_2018_jpg.rf.900c9a478b73e539a261716e18a14ef5.jpg,new_dataset\Final Project.v1i.coco\test\P_2018_jpg.rf.900c9a478b73e539a261716e18a14ef5.jpg,1,1,0,1
test,673,fp_test_0141.jpg,test,P_2236_jpg.rf.300c383533b26fe594ef4a6f7321eafc.jpg,new_dataset\Final Project.v1i.coco\test\P_2236_jpg.rf.300c383533b26fe594ef4a6f7321eafc.jpg,0,0,0,0
train,674,fp_train_0659.jpg,test,samsung_9_jpg.rf.2489ae6c2fbc2ec9a32e405e0ca131a4.jpg,new_dataset\Final Project.v1i.coco\test\samsung_9_jpg.rf.2489ae6c2fbc2ec9a32e405e0ca131a4.jpg,0,0,1,1
train,675,fp_train_0660.jpg,test,N_1037_JPG_JPG.rf.3b55536d3739839593afa118229927ce.jpg,new_dataset\Final Project.v1i.coco\test\N_1037_JPG_JPG.rf.3b55536d3739839593afa118229927ce.jpg,0,0,1,0
train,676,fp_train_0661.jpg,test,samsung_41_jpg.rf.1692c4f6ee7e687ed85490cdfbe0a186.jpg,new_dataset\Final Project.v1i.coco\test\samsung_41_jpg.rf.1692c4f6ee7e687ed85490cdfbe0a186.jpg,0,1,0,0
train,677,fp_train_0662.jpg,test,P_2136_jpg.rf.d268d7602f138ec300a484c842592476.jpg,new_dataset\Final Project.v1i.coco\test\P_2136_jpg.rf.d268d7602f138ec300a484c842592476.jpg,0,0,0,1
train,678,fp_train_0663.jpg,test,N_10041_JPG_JPG.rf.2861f27776c173c39be8795fb78c7e1e.jpg,new_dataset\Final Project.v1i.coco\test\N_10041_JPG_JPG.rf.2861f27776c173c39be8795fb78c7e1e.jpg,1,0,0,0
test,679,fp_test_0142.jpg,test,samsung_83_jpg.rf.2daac8c5d8aac9601325ccf869b9afb2.jpg,new_dataset\Final Project.v1i.coco\test\samsung_83_jpg.rf.2daac8c5d8aac9601325ccf869b9afb2.jpg,0,0,0,0
train,680,fp_train_0664.jpg,test,P_2029_jpg.rf.16a0d22139409ab817796a11fab9dab7.jpg,new_dataset\Final Project.v1i.coco\test\P_2029_jpg.rf.16a0d22139409ab817796a11fab9dab7.jpg,0,1,0,0
train,681,fp_train_0665.jpg,test,P_2014_jpg.rf.e72cbd52dafffcab1175fd8eadc97f35.jpg,new_dataset\Final Project.v1i.coco\test\P_2014_jpg.rf.e72cbd52dafffcab1175fd8eadc97f35.jpg,0,0,0,1
train,682,fp_train_0666.jpg,test,samsung_3_jpg.rf.b722f339b6af4a6cef34f1a407af8671.jpg,new_dataset\Final Project.v1i.coco\test\samsung_3_jpg.rf.b722f339b6af4a6cef34f1a407af8671.jpg,1,0,0,1
train,683,fp_train_0667.jpg,test,61_jpg.rf.b22aa4fa59c65a3475c490d03aaf55d0.jpg,new_dataset\Final Project.v1i.coco\test\61_jpg.rf.b22aa4fa59c65a3475c490d03aaf55d0.jpg,0,0,0,0
train,684,fp_train_0668.jpg,test,samsung_47_jpg.rf.249103ddbafaee0af070cfd77e5f7be9.jpg,new_dataset\Final Project.v1i.coco\test\samsung_47_jpg.rf.249103ddbafaee0af070cfd77e5f7be9.jpg,0,0,0,0
train,685,fp_train_0669.jpg,test,samsung_48_jpg.rf.f1c9131eaec9c045fc31e88b575842db.jpg,new_dataset\Final Project.v1i.coco\test\samsung_48_jpg.rf.f1c9131eaec9c045fc31e88b575842db.jpg,1,0,0,0
train,686,fp_train_0670.jpg,test,N_1090_JPG_JPG.rf.e01ea61dddbb33a18686e6c4307e2c98.jpg,new_dataset\Final Project.v1i.coco\test\N_1090_JPG_JPG.rf.e01ea61dddbb33a18686e6c4307e2c98.jpg,1,0,0,1
train,687,fp_train_0671.jpg,test,126_jpg.rf.81787a3e6509c02dfc8c608b4ac9301f.jpg,new_dataset\Final Project.v1i.coco\test\126_jpg.rf.81787a3e6509c02dfc8c608b4ac9301f.jpg,0,0,1,0
test,688,fp_test_0143.jpg,test,2_129_jpg.rf.d5a622e42dee795980c834072b039c3b.jpg,new_dataset\Final Project.v1i.coco\test\2_129_jpg.rf.d5a622e42dee795980c834072b039c3b.jpg,0,0,0,0
test,689,fp_test_0144.jpg,test,N_10062_JPG_JPG.rf.0e2690bffd6d836d382a7508b83a3f97.jpg,new_dataset\Final Project.v1i.coco\test\N_10062_JPG_JPG.rf.0e2690bffd6d836d382a7508b83a3f97.jpg,1,0,0,0
train,690,fp_train_0672.jpg,test,N_1002_JPG_JPG.rf.da9c7641e9584339837edd96925499a8.jpg,new_dataset\Final Project.v1i.coco\test\N_1002_JPG_JPG.rf.da9c7641e9584339837edd96925499a8.jpg,1,0,0,0
test,691,fp_test_0145.jpg,test,P_2104_jpg.rf.c0100990ff09ed9229030d605f2cc4a7.jpg,new_dataset\Final Project.v1i.coco\test\P_2104_jpg.rf.c0100990ff09ed9229030d605f2cc4a7.jpg,1,0,0,1
valid,692,fp_valid_0143.jpg,test,2_126_jpg.rf.6f33d0eb543e7cd9f72140a3ef81436d.jpg,new_dataset\Final Project.v1i.coco\test\2_126_jpg.rf.6f33d0eb543e7cd9f72140a3ef81436d.jpg,0,0,0,0
valid,693,fp_valid_0144.jpg,test,P_2049_jpg.rf.34f1f79b8d14e665188e70785b2770a8.jpg,new_dataset\Final Project.v1i.coco\test\P_2049_jpg.rf.34f1f79b8d14e665188e70785b2770a8.jpg,0,1,0,1
train,694,fp_train_0673.jpg,test,73_jpg.rf.fc401e139a091895c0f254f1ae56d424.jpg,new_dataset\Final Project.v1i.coco\test\73_jpg.rf.fc401e139a091895c0f254f1ae56d424.jpg,0,0,1,0
train,695,fp_train_0674.jpg,test,P_2150_jpg.rf.40a22dd6994db55b226edf0bacb3cfa4.jpg,new_dataset\Final Project.v1i.coco\test\P_2150_jpg.rf.40a22dd6994db55b226edf0bacb3cfa4.jpg,0,1,0,0
train,696,fp_train_0675.jpg,test,N_10058_JPG_JPG.rf.f3831177a9d81d9db8bd7980b18b2dd5.jpg,new_dataset\Final Project.v1i.coco\test\N_10058_JPG_JPG.rf.f3831177a9d81d9db8bd7980b18b2dd5.jpg,1,0,1,0
train,697,fp_train_0676.jpg,test,N_1039_JPG_JPG.rf.8744c4b44814dc67a70697127dea7fd5.jpg,new_dataset\Final Project.v1i.coco\test\N_1039_JPG_JPG.rf.8744c4b44814dc67a70697127dea7fd5.jpg,1,0,0,1
train,698,fp_train_0677.jpg,test,P_2045_jpg.rf.fd1b281743779965e397966a325f16bd.jpg,new_dataset\Final Project.v1i.coco\test\P_2045_jpg.rf.fd1b281743779965e397966a325f16bd.jpg,1,1,0,1
valid,699,fp_valid_0145.jpg,test,P_2112_jpg.rf.f382da631a29a3902dcea6b9893789d9.jpg,new_dataset\Final Project.v1i.coco\test\P_2112_jpg.rf.f382da631a29a3902dcea6b9893789d9.jpg,1,0,0,0
valid,700,fp_valid_0146.jpg,test,N_1076_JPG_JPG.rf.ccf1bce835968244d47bf99116950812.jpg,new_dataset\Final Project.v1i.coco\test\N_1076_JPG_JPG.rf.ccf1bce835968244d47bf99116950812.jpg,1,0,0,1
train,701,fp_train_0678.jpg,test,P_2170_jpg.rf.c61437b374009188c4a787802801d446.jpg,new_dataset\Final Project.v1i.coco\test\P_2170_jpg.rf.c61437b374009188c4a787802801d446.jpg,0,0,0,1
train,702,fp_train_0679.jpg,test,92_jpg.rf.f8164cea26e70e12fd82a075d006e96c.jpg,new_dataset\Final Project.v1i.coco\test\92_jpg.rf.f8164cea26e70e12fd82a075d006e96c.jpg,0,0,0,1
train,703,fp_train_0680.jpg,test,N_10051_JPG_JPG.rf.284d8b138dd28ecdc3c2812aacd3c487.jpg,new_dataset\Final Project.v1i.coco\test\N_10051_JPG_JPG.rf.284d8b138dd28ecdc3c2812aacd3c487.jpg,0,0,0,0
train,704,fp_train_0681.jpg,test,N_1058_JPG_JPG.rf.42daa34b2005ecfbbfa96d23c0dcaf89.jpg,new_dataset\Final Project.v1i.coco\test\N_1058_JPG_JPG.rf.42daa34b2005ecfbbfa96d23c0dcaf89.jpg,1,0,0,1
test,705,fp_test_0146.jpg,test,P_2059_jpg.rf.88a972694d4bcbb888f50bba85d319d7.jpg,new_dataset\Final Project.v1i.coco\test\P_2059_jpg.rf.88a972694d4bcbb888f50bba85d319d7.jpg,0,1,0,1
train,706,fp_train_0682.jpg,test,P_2161_jpg.rf.a7b9ca09ff33a53e50605c33a6f8b3fe.jpg,new_dataset\Final Project.v1i.coco\test\P_2161_jpg.rf.a7b9ca09ff33a53e50605c33a6f8b3fe.jpg,0,1,0,1
train,707,fp_train_0683.jpg,test,16_jpg.rf.79e8d8e769057ee407cf6c8ecdc7ef90.jpg,new_dataset\Final Project.v1i.coco\test\16_jpg.rf.79e8d8e769057ee407cf6c8ecdc7ef90.jpg,0,1,0,0
